story_id,user_id,story_text,posted_at
1,254,Digitized reciprocal internet solution,2023-11-05 22:52:13
2,285,Digitized 6th generation policy,2023-09-09 20:51:12
3,723,Grass-roots cohesive framework,2024-01-08 15:24:11
4,670,Versatile systemic matrix,2023-07-28 02:08:23
5,943,Horizontal upward-trending pricing structure,2023-08-15 16:04:24
6,243,Object-based context-sensitive circuit,2023-04-30 15:16:14
7,180,Intuitive zero defect installation,2023-10-21 20:03:53
8,251,Exclusive bifurcated algorithm,2024-02-19 03:08:53
9,462,Vision-oriented interactive ability,2023-05-24 20:41:15
10,423,Robust 5th generation conglomeration,2023-12-20 13:10:37
11,781,Open-source encompassing initiative,2023-09-05 13:21:53
12,800,Robust 3rd generation encoding,2023-09-11 04:11:55
13,14,Reverse-engineered real-time throughput,2023-03-29 12:39:41
14,129,Managed radical policy,2023-08-16 19:20:35
15,927,Universal composite extranet,2023-03-10 02:30:41
16,756,Object-based bi-directional collaboration,2024-01-06 05:06:25
17,571,Ergonomic uniform Graphical User Interface,2023-03-12 18:35:20
18,597,Polarised national moratorium,2023-11-13 17:58:37
19,892,Fully-configurable empowering superstructure,2023-08-28 22:31:59
20,163,Synergistic interactive matrices,2023-09-30 18:36:54
21,657,Monitored scalable extranet,2023-08-03 11:47:35
22,636,Multi-layered client-server structure,2023-06-06 20:28:58
23,192,Intuitive encompassing moratorium,2023-08-15 00:50:48
24,773,Diverse mission-critical toolset,2023-04-26 20:00:03
25,550,Multi-channelled real-time portal,2023-06-29 11:13:23
26,102,Re-contextualized zero tolerance pricing structure,2023-11-11 12:18:19
27,910,Monitored directional paradigm,2024-01-04 06:01:42
28,9,Business-focused optimizing function,2023-09-13 07:01:41
29,491,Business-focused eco-centric complexity,2023-06-20 18:05:14
30,471,Reactive well-modulated framework,2023-10-24 22:31:06
31,534,Total foreground internet solution,2023-11-25 15:33:39
32,374,Virtual logistical leverage,2023-08-22 01:42:37
33,106,Stand-alone static system engine,2024-02-27 03:58:37
34,998,Object-based actuating middleware,2024-02-08 02:06:45
35,576,Visionary web-enabled process improvement,2024-01-29 17:33:54
36,645,Quality-focused bifurcated project,2023-03-24 01:23:52
37,81,Public-key contextually-based pricing structure,2023-03-08 19:32:42
38,673,Multi-layered high-level challenge,2024-01-14 19:56:08
39,295,Advanced grid-enabled hierarchy,2023-03-09 22:59:11
40,733,Ameliorated scalable focus group,2024-01-23 05:36:58
41,160,Versatile empowering intranet,2023-12-21 06:57:29
42,525,Virtual methodical throughput,2023-12-28 02:45:27
43,518,Advanced multi-tasking data-warehouse,2023-08-13 22:42:52
44,868,Phased modular policy,2023-03-14 20:53:16
45,183,Synergized homogeneous hardware,2024-01-03 20:08:17
46,200,Monitored analyzing contingency,2024-02-22 09:26:37
47,817,Re-engineered foreground frame,2023-04-21 21:25:27
48,615,Intuitive multi-state concept,2023-10-28 16:45:57
49,845,Synergized full-range complexity,2023-11-18 16:21:23
50,109,Compatible holistic Graphic Interface,2023-10-21 15:44:31
51,883,Enterprise-wide full-range groupware,2023-07-12 08:36:44
52,786,Exclusive human-resource customer loyalty,2023-12-01 11:09:49
53,928,Business-focused analyzing frame,2023-09-04 20:57:58
54,361,Versatile bottom-line methodology,2023-06-15 18:56:44
55,240,Multi-lateral national application,2023-06-20 16:30:06
56,873,Customer-focused intermediate ability,2023-09-29 08:00:37
57,93,Cross-platform 24 hour strategy,2023-12-03 19:14:20
58,368,Centralized value-added matrices,2023-04-10 11:08:50
59,29,Organized real-time orchestration,2023-07-28 14:45:52
60,699,Seamless intangible model,2024-01-13 13:57:39
61,861,Intuitive human-resource strategy,2023-10-16 11:53:05
62,139,Synergistic multimedia definition,2023-07-13 13:33:21
63,900,Synchronised web-enabled concept,2023-11-30 18:34:00
64,453,Ameliorated didactic database,2023-03-01 02:28:36
65,759,Public-key 5th generation model,2023-03-20 05:19:56
66,370,Phased heuristic data-warehouse,2023-03-27 00:43:27
67,63,Stand-alone fault-tolerant internet solution,2023-11-28 07:38:12
68,616,Virtual maximized neural-net,2024-02-21 19:39:36
69,698,Realigned web-enabled protocol,2023-07-17 20:59:23
70,717,Inverse zero defect encryption,2023-08-29 18:56:58
71,731,Enhanced transitional analyzer,2023-11-07 09:32:14
72,416,Object-based client-server artificial intelligence,2023-06-21 08:24:17
73,687,Programmable multi-tasking core,2023-03-03 07:09:51
74,550,Synergistic secondary pricing structure,2023-09-20 10:56:34
75,527,Synchronised interactive ability,2024-01-05 23:05:03
76,437,Mandatory maximized concept,2024-02-04 13:11:23
77,187,Re-contextualized contextually-based solution,2023-04-24 09:51:27
78,180,Fundamental bandwidth-monitored budgetary management,2023-09-05 10:09:33
79,671,Down-sized contextually-based flexibility,2023-08-30 04:37:40
80,497,Phased disintermediate functionalities,2023-12-22 18:20:07
81,76,Customizable even-keeled paradigm,2023-03-20 05:06:45
82,276,Assimilated attitude-oriented orchestration,2024-01-10 18:02:39
83,464,Synergistic uniform structure,2023-07-26 13:57:01
84,892,Fully-configurable multimedia orchestration,2023-08-06 12:10:09
85,149,Organized hybrid internet solution,2023-10-17 15:12:04
86,445,Vision-oriented value-added paradigm,2024-02-15 15:03:41
87,446,Enhanced even-keeled leverage,2023-07-07 22:03:31
88,759,Stand-alone next generation artificial intelligence,2023-06-22 11:57:44
89,391,Distributed 4th generation productivity,2023-07-09 09:47:57
90,507,Fully-configurable foreground moderator,2023-06-28 19:22:59
91,90,Cloned global protocol,2023-03-08 04:29:10
92,879,Multi-channelled executive flexibility,2023-12-04 09:07:52
93,704,Monitored clear-thinking artificial intelligence,2023-04-02 04:46:57
94,39,Fundamental high-level archive,2023-12-10 07:07:46
95,281,Reactive zero defect artificial intelligence,2023-03-14 15:59:09
96,222,Diverse homogeneous strategy,2023-03-29 17:59:17
97,354,Virtual directional open system,2023-09-23 03:42:51
98,934,Triple-buffered real-time circuit,2023-11-22 01:12:33
99,576,Ameliorated fault-tolerant migration,2023-10-23 02:30:43
100,278,Assimilated local moratorium,2023-08-06 15:28:55
101,202,Compatible bi-directional info-mediaries,2024-01-17 06:30:26
102,460,Multi-lateral foreground core,2023-07-19 13:47:02
103,218,Digitized responsive throughput,2023-04-24 00:20:19
104,491,Face to face tertiary infrastructure,2023-04-26 04:53:23
105,458,Decentralized real-time access,2023-05-03 15:15:14
106,238,Cross-group well-modulated conglomeration,2024-02-25 12:32:19
107,288,De-engineered tangible superstructure,2023-12-11 16:26:00
108,349,Re-engineered web-enabled time-frame,2023-12-28 21:28:24
109,470,Universal asynchronous projection,2024-02-03 02:59:10
110,581,Monitored foreground parallelism,2023-04-07 09:42:14
111,298,Adaptive static complexity,2023-08-03 13:22:59
112,720,Reverse-engineered non-volatile core,2023-06-26 10:26:26
113,435,Devolved optimal service-desk,2023-10-11 19:43:55
114,729,Persevering asynchronous artificial intelligence,2023-06-09 15:02:33
115,621,Fundamental composite leverage,2023-10-28 17:49:33
116,837,Diverse national ability,2023-08-13 22:47:09
117,383,Intuitive uniform instruction set,2023-03-06 11:41:14
118,474,Integrated local capability,2024-02-25 12:46:00
119,647,Optional needs-based Graphical User Interface,2023-07-13 16:55:42
120,966,Public-key content-based success,2023-12-06 06:36:41
121,22,Mandatory user-facing knowledge user,2023-12-06 03:45:15
122,661,Ameliorated discrete focus group,2023-04-07 07:07:41
123,912,Quality-focused bi-directional secured line,2023-10-24 20:35:59
124,29,Robust actuating monitoring,2023-03-10 12:58:14
125,428,Optimized background complexity,2023-06-10 03:40:28
126,244,Advanced responsive adapter,2023-06-24 11:14:08
127,792,Grass-roots client-server workforce,2023-04-27 10:41:54
128,232,Profound tangible architecture,2023-07-08 23:08:36
129,890,Fully-configurable value-added middleware,2023-06-22 17:56:25
130,255,Enhanced tertiary matrix,2023-08-03 02:25:13
131,619,Enterprise-wide tangible task-force,2023-12-07 12:58:26
132,642,Open-source 3rd generation hierarchy,2023-07-07 12:54:29
133,434,User-friendly grid-enabled task-force,2023-04-14 06:43:28
134,476,Programmable non-volatile ability,2023-10-30 22:21:45
135,530,Ergonomic non-volatile installation,2023-07-02 22:15:48
136,683,Balanced global forecast,2023-05-06 16:58:28
137,355,Business-focused national neural-net,2023-06-25 05:20:50
138,682,Persistent real-time encryption,2023-07-27 20:05:32
139,954,Streamlined asynchronous emulation,2024-02-02 15:18:00
140,18,Secured secondary archive,2023-12-11 11:05:50
141,833,Ergonomic motivating challenge,2023-12-20 23:26:50
142,968,Fully-configurable intermediate initiative,2023-03-28 22:44:19
143,410,Grass-roots exuding implementation,2023-06-20 14:28:14
144,191,Upgradable user-facing process improvement,2023-12-01 22:30:24
145,912,Configurable real-time task-force,2023-08-18 22:14:42
146,800,Persevering zero tolerance model,2023-10-11 11:50:56
147,54,Visionary interactive ability,2023-03-11 15:22:33
148,421,Streamlined next generation capability,2023-07-15 23:50:03
149,766,Balanced mission-critical open architecture,2023-03-11 04:28:16
150,870,Multi-channelled cohesive attitude,2023-11-12 11:52:00
151,760,Streamlined needs-based toolset,2023-04-23 06:04:19
152,260,Decentralized incremental pricing structure,2023-05-17 12:15:42
153,631,Secured radical analyzer,2023-09-27 01:52:19
154,512,Ameliorated bifurcated portal,2023-10-13 05:11:44
155,802,Grass-roots system-worthy extranet,2023-10-31 07:30:56
156,937,Cross-group next generation concept,2023-12-17 17:06:39
157,941,Innovative clear-thinking strategy,2023-11-16 03:40:25
158,46,Intuitive incremental database,2023-06-23 21:13:50
159,925,Multi-channelled tangible toolset,2024-01-28 12:10:57
160,120,Function-based multimedia matrix,2024-01-23 11:54:24
161,830,Public-key 4th generation throughput,2024-01-04 08:49:35
162,965,Public-key even-keeled knowledge base,2023-05-25 08:55:08
163,785,Expanded 6th generation solution,2023-07-22 13:41:44
164,897,Balanced mission-critical analyzer,2023-12-30 01:43:14
165,213,Operative fault-tolerant orchestration,2023-07-13 13:54:53
166,558,Ameliorated motivating circuit,2023-11-02 21:05:34
167,152,Focused web-enabled software,2023-09-22 09:41:26
168,277,Balanced bottom-line knowledge user,2023-10-17 02:58:30
169,122,Expanded client-server conglomeration,2023-04-05 18:47:39
170,961,Profit-focused needs-based architecture,2023-05-13 17:05:45
171,541,Multi-layered asynchronous function,2023-12-06 03:48:02
172,924,Ameliorated systemic implementation,2023-06-25 08:22:29
173,348,Re-contextualized maximized leverage,2023-05-18 16:00:21
174,471,Fundamental national attitude,2023-07-06 17:22:43
175,18,Compatible incremental instruction set,2023-11-06 04:08:24
176,740,Profit-focused context-sensitive time-frame,2023-09-20 05:14:42
177,471,Managed methodical moderator,2023-06-30 14:53:56
178,147,Digitized zero defect flexibility,2023-09-02 07:50:29
179,365,Fully-configurable interactive interface,2023-09-18 02:00:08
180,378,Synergistic global help-desk,2023-09-01 12:33:35
181,217,Customizable executive projection,2024-01-11 11:37:59
182,3,Pre-emptive context-sensitive concept,2023-08-10 00:05:05
183,687,Ameliorated object-oriented moderator,2023-06-27 14:34:22
184,64,Profound encompassing circuit,2024-02-26 21:26:17
185,944,Innovative stable budgetary management,2023-12-04 08:34:59
186,567,Multi-lateral leading edge firmware,2023-07-23 19:09:16
187,650,Future-proofed maximized local area network,2023-03-20 03:25:24
188,926,Horizontal demand-driven protocol,2024-01-28 15:48:23
189,753,Advanced 3rd generation portal,2023-12-13 11:44:31
190,548,Self-enabling didactic archive,2024-01-17 07:11:54
191,789,Enhanced asymmetric open system,2023-09-05 03:00:56
192,947,Programmable interactive architecture,2023-06-14 19:21:15
193,447,Total object-oriented process improvement,2023-12-26 08:22:38
194,711,Quality-focused systemic protocol,2023-03-13 13:13:12
195,832,Total foreground alliance,2023-11-07 08:37:37
196,963,Re-contextualized next generation orchestration,2023-07-31 02:08:40
197,78,Cloned radical interface,2023-11-03 15:05:03
198,613,Quality-focused empowering synergy,2023-05-23 09:19:45
199,552,Expanded context-sensitive knowledge base,2023-10-03 22:09:53
200,971,Ameliorated directional open architecture,2023-06-29 05:21:13
201,210,Vision-oriented client-driven software,2023-09-16 10:14:32
202,153,Pre-emptive zero administration application,2023-03-28 08:19:45
203,139,Function-based 4th generation hub,2023-05-12 07:28:47
204,416,Configurable logistical open system,2023-10-22 05:06:06
205,359,Grass-roots contextually-based model,2024-01-26 04:28:54
206,870,Upgradable logistical circuit,2023-08-23 15:06:03
207,304,Persistent impactful flexibility,2023-06-08 13:19:15
208,728,Triple-buffered coherent throughput,2023-03-26 14:52:32
209,817,User-centric zero tolerance open architecture,2023-08-18 13:37:51
210,358,Synchronised multi-tasking instruction set,2023-05-12 08:22:24
211,907,Object-based multimedia database,2023-06-22 06:31:10
212,17,Integrated 3rd generation core,2023-11-17 19:43:04
213,696,Enhanced analyzing application,2023-11-15 08:00:31
214,177,Customizable heuristic data-warehouse,2023-10-25 15:15:16
215,612,Implemented composite hub,2023-11-19 04:49:55
216,589,Triple-buffered needs-based benchmark,2023-06-12 05:00:08
217,655,Stand-alone full-range secured line,2024-01-13 04:31:03
218,442,Customizable context-sensitive local area network,2024-02-04 04:59:43
219,271,Grass-roots background contingency,2023-03-09 00:36:04
220,527,Multi-channelled 5th generation contingency,2023-06-29 20:37:58
221,234,Ergonomic uniform implementation,2023-10-30 10:24:07
222,890,Adaptive reciprocal extranet,2023-08-01 09:09:57
223,847,Implemented context-sensitive strategy,2023-09-09 23:53:46
224,594,Reverse-engineered system-worthy capacity,2023-03-15 05:07:58
225,899,Multi-lateral reciprocal capacity,2023-09-13 10:03:02
226,362,Reactive web-enabled parallelism,2023-08-30 12:28:24
227,84,Managed mobile hierarchy,2023-12-21 10:25:32
228,929,Mandatory demand-driven matrix,2023-04-09 12:56:15
229,882,Synergistic directional implementation,2023-11-30 21:30:53
230,176,Down-sized real-time moratorium,2023-06-27 05:13:53
231,204,Organic local task-force,2023-11-05 00:29:32
232,534,Fully-configurable 5th generation emulation,2024-02-01 20:56:16
233,376,Ergonomic empowering data-warehouse,2023-05-30 18:36:32
234,516,Total bottom-line projection,2024-01-19 12:20:50
235,582,Persistent stable array,2023-07-08 03:03:32
236,310,Distributed mission-critical product,2023-11-06 10:42:48
237,178,Devolved cohesive framework,2023-06-25 17:05:42
238,837,User-centric executive algorithm,2023-06-20 23:00:14
239,871,Open-architected heuristic framework,2023-10-14 09:02:53
240,721,Organic web-enabled infrastructure,2023-09-21 19:25:20
241,835,Persevering eco-centric model,2023-09-07 01:22:21
242,155,Integrated intermediate focus group,2023-10-12 12:06:56
243,130,Fully-configurable 3rd generation instruction set,2023-05-10 11:45:26
244,53,Seamless upward-trending database,2024-01-02 14:19:32
245,131,Diverse disintermediate productivity,2023-04-20 00:29:51
246,673,Devolved eco-centric initiative,2023-07-24 08:05:28
247,419,Synergistic hybrid neural-net,2023-04-11 03:21:17
248,171,Reduced responsive firmware,2024-02-26 17:10:28
249,458,Intuitive reciprocal hierarchy,2023-06-23 13:13:24
250,376,Horizontal clear-thinking orchestration,2023-12-02 03:36:17
251,126,Re-contextualized analyzing solution,2023-12-19 11:03:10
252,495,Fully-configurable object-oriented focus group,2023-08-15 14:18:17
253,128,Versatile composite local area network,2023-03-29 22:08:58
254,75,Stand-alone incremental middleware,2023-07-19 18:59:06
255,543,Inverse heuristic matrix,2023-07-12 02:53:10
256,905,Stand-alone systemic installation,2023-08-25 19:06:08
257,786,Re-engineered systemic access,2023-06-19 06:49:55
258,130,Inverse intangible artificial intelligence,2023-08-19 10:44:46
259,708,Progressive content-based capability,2023-08-04 19:18:50
260,573,Digitized web-enabled moratorium,2024-01-13 16:15:38
261,313,Quality-focused asymmetric help-desk,2023-10-04 22:09:50
262,681,Function-based 6th generation instruction set,2023-11-09 15:38:04
263,526,Proactive actuating product,2023-05-11 08:06:50
264,635,Horizontal fault-tolerant Graphical User Interface,2024-01-08 13:14:27
265,316,Optimized fresh-thinking forecast,2023-08-27 08:17:08
266,235,Centralized holistic application,2023-09-11 12:43:44
267,420,Cloned discrete help-desk,2023-09-21 20:41:40
268,761,Configurable didactic Graphical User Interface,2023-05-23 06:00:17
269,9,Persistent object-oriented matrices,2023-03-01 02:06:36
270,450,Secured secondary time-frame,2023-10-28 14:08:10
271,624,Open-source secondary toolset,2024-01-20 14:11:03
272,965,Optimized bottom-line strategy,2023-07-25 04:10:49
273,527,Sharable value-added infrastructure,2023-11-26 17:47:32
274,559,Intuitive intangible adapter,2023-11-30 08:12:16
275,218,Cross-group analyzing function,2023-07-31 15:31:54
276,846,Stand-alone web-enabled artificial intelligence,2023-06-12 16:18:16
277,843,Reactive system-worthy software,2023-06-11 03:20:02
278,534,Pre-emptive modular challenge,2023-04-24 07:54:57
279,686,Reduced static pricing structure,2023-12-12 04:35:38
280,526,Realigned uniform system engine,2023-08-26 09:19:41
281,79,Quality-focused systemic data-warehouse,2024-02-20 12:28:17
282,797,Optional demand-driven concept,2023-09-14 07:38:55
283,990,Robust composite leverage,2024-02-24 08:46:17
284,697,Right-sized 4th generation implementation,2023-08-31 11:29:34
285,758,Up-sized bifurcated migration,2023-04-17 07:41:08
286,646,Compatible full-range pricing structure,2023-08-25 08:26:13
287,134,De-engineered zero administration hub,2023-03-10 00:15:23
288,178,Persistent hybrid capacity,2023-05-20 04:54:40
289,730,Horizontal bi-directional implementation,2023-07-25 17:19:16
290,929,Virtual context-sensitive approach,2023-10-09 18:28:15
291,820,Decentralized optimal hardware,2023-08-20 01:09:03
292,694,De-engineered static architecture,2023-09-29 14:04:52
293,258,Reverse-engineered stable internet solution,2023-10-26 00:29:24
294,383,Quality-focused background attitude,2023-10-22 04:41:03
295,420,Cross-group user-facing matrices,2023-09-06 03:09:17
296,615,Ameliorated discrete support,2023-05-08 09:15:28
297,947,Virtual multimedia monitoring,2024-01-31 22:28:10
298,880,Cross-platform grid-enabled moratorium,2023-04-21 19:52:12
299,464,Synergistic logistical superstructure,2023-11-23 03:41:29
300,395,Upgradable 6th generation paradigm,2023-08-16 12:05:14
301,557,Proactive neutral hierarchy,2023-09-28 11:14:46
302,250,Streamlined static instruction set,2023-08-05 01:29:39
303,489,Persistent background framework,2023-04-13 23:51:12
304,689,Implemented real-time support,2024-02-20 03:10:02
305,777,Object-based full-range frame,2023-09-29 03:23:47
306,869,Synergized fresh-thinking hub,2023-09-12 07:41:58
307,142,Programmable multi-tasking neural-net,2023-07-22 00:14:36
308,977,Sharable analyzing leverage,2023-11-23 05:23:40
309,344,Adaptive 6th generation functionalities,2024-02-23 08:32:25
310,612,Customer-focused encompassing collaboration,2023-04-28 15:25:24
311,26,Switchable stable support,2023-11-19 07:11:02
312,372,Secured coherent project,2024-01-07 09:35:18
313,900,Synchronised optimizing groupware,2023-08-23 00:44:19
314,177,Function-based next generation workforce,2023-08-23 09:09:42
315,140,Robust national interface,2023-03-09 14:54:29
316,662,Focused 5th generation infrastructure,2023-11-04 04:05:55
317,853,Up-sized clear-thinking architecture,2023-10-24 22:08:52
318,378,Distributed directional protocol,2023-09-13 14:05:45
319,196,Right-sized dedicated secured line,2023-12-27 02:38:05
320,887,Fully-configurable fault-tolerant intranet,2023-10-25 18:50:20
321,545,Integrated incremental toolset,2023-09-03 14:37:29
322,761,Programmable asymmetric extranet,2023-03-02 07:28:55
323,413,Decentralized heuristic instruction set,2023-07-05 12:05:25
324,179,Realigned tertiary toolset,2023-07-30 12:10:00
325,594,Balanced 3rd generation workforce,2023-06-23 00:32:30
326,775,Polarised 5th generation challenge,2023-05-11 21:39:34
327,300,Re-engineered explicit function,2023-11-18 03:28:30
328,877,Business-focused high-level migration,2023-08-06 04:43:35
329,655,Vision-oriented heuristic instruction set,2023-04-29 15:33:41
330,815,Future-proofed zero defect complexity,2023-08-03 14:20:55
331,904,Ameliorated context-sensitive support,2023-06-23 00:19:02
332,224,Triple-buffered optimizing complexity,2023-05-25 06:51:42
333,238,Public-key zero administration approach,2023-08-11 16:04:30
334,293,Assimilated solution-oriented strategy,2023-09-30 03:02:52
335,806,Multi-lateral solution-oriented application,2023-04-10 00:14:13
336,289,Synergized national productivity,2023-12-18 10:54:37
337,419,Multi-tiered encompassing utilisation,2023-08-21 01:53:25
338,336,Advanced 24 hour task-force,2023-03-25 15:01:48
339,459,Reduced tangible moratorium,2023-08-12 02:33:03
340,949,Configurable multimedia encryption,2023-09-30 09:20:03
341,274,Persevering asymmetric standardization,2023-10-27 09:06:54
342,82,Persevering background portal,2024-01-18 23:37:59
343,437,Polarised full-range intranet,2023-10-11 23:21:59
344,400,Multi-tiered incremental internet solution,2024-01-25 06:38:13
345,363,Multi-channelled responsive capability,2023-04-17 21:39:26
346,180,Synergized full-range forecast,2023-07-11 19:31:51
347,795,Profit-focused dynamic Graphic Interface,2023-03-09 07:47:05
348,212,Profit-focused transitional array,2024-01-30 09:41:03
349,855,Re-contextualized user-facing pricing structure,2023-06-24 03:09:59
350,783,Distributed motivating complexity,2023-06-27 09:09:36
351,474,Fundamental real-time database,2023-09-04 10:07:50
352,343,Expanded heuristic collaboration,2023-08-11 00:58:04
353,557,Decentralized transitional solution,2023-03-29 16:02:36
354,886,Synchronised grid-enabled archive,2023-03-10 06:32:20
355,633,Multi-lateral stable data-warehouse,2024-01-17 15:51:25
356,613,Persistent human-resource hierarchy,2023-08-27 15:32:20
357,525,Re-contextualized human-resource application,2023-05-17 09:12:23
358,967,Phased incremental implementation,2023-02-28 15:09:39
359,907,Networked scalable attitude,2023-05-04 18:57:38
360,50,Object-based 5th generation local area network,2023-06-13 21:57:54
361,306,Stand-alone directional knowledge user,2023-08-30 19:37:58
362,796,Synergized human-resource archive,2023-06-30 05:06:37
363,107,Automated discrete initiative,2023-07-31 07:47:06
364,819,Fully-configurable multimedia matrix,2023-09-11 16:34:27
365,261,Streamlined context-sensitive emulation,2023-08-16 21:50:20
366,358,Phased encompassing archive,2024-01-02 12:21:42
367,985,Polarised motivating internet solution,2023-04-23 18:00:27
368,680,Customer-focused foreground hardware,2024-02-06 03:13:14
369,235,Fundamental non-volatile secured line,2024-02-23 04:16:53
370,523,Digitized homogeneous structure,2023-08-06 16:04:09
371,684,Multi-lateral next generation local area network,2023-07-24 16:25:16
372,964,Customizable motivating approach,2023-06-24 21:28:28
373,934,Networked user-facing capability,2023-08-17 09:23:35
374,686,Digitized asynchronous encryption,2023-10-24 23:52:18
375,407,Open-architected coherent website,2023-12-23 13:56:57
376,866,Triple-buffered real-time matrix,2024-01-05 10:25:57
377,673,Quality-focused object-oriented implementation,2023-11-09 23:13:51
378,163,Universal bi-directional hub,2023-08-09 16:30:26
379,598,Universal responsive website,2023-11-02 10:09:48
380,83,Implemented asymmetric protocol,2024-01-27 12:19:51
381,747,Up-sized foreground forecast,2023-05-19 08:55:42
382,563,Right-sized 4th generation interface,2023-10-25 15:43:39
383,553,Assimilated dynamic conglomeration,2023-04-09 19:03:02
384,348,Focused clear-thinking protocol,2023-07-16 07:23:43
385,798,Visionary context-sensitive circuit,2024-01-23 02:55:16
386,216,Automated transitional support,2024-01-27 11:49:37
387,278,Open-architected global framework,2023-08-19 10:32:35
388,206,Expanded real-time encoding,2023-03-15 17:46:15
389,136,Triple-buffered grid-enabled alliance,2024-02-09 13:56:42
390,503,Organized background complexity,2023-04-20 14:02:55
391,676,Function-based value-added hierarchy,2023-10-13 15:54:49
392,185,Balanced cohesive hardware,2023-07-06 10:08:31
393,628,Front-line mobile help-desk,2023-08-29 11:04:40
394,598,Down-sized empowering budgetary management,2023-04-22 14:07:57
395,758,Persevering national hub,2023-08-10 09:23:02
396,379,Decentralized cohesive website,2023-07-07 07:21:04
397,493,Managed incremental open architecture,2023-04-16 09:33:28
398,531,Up-sized clear-thinking capacity,2023-10-31 10:05:59
399,249,Compatible disintermediate paradigm,2023-06-23 13:57:18
400,429,Inverse foreground open system,2023-09-17 00:34:37
401,1,Operative bifurcated flexibility,2023-12-04 22:55:43
402,383,Triple-buffered reciprocal interface,2023-03-18 12:57:19
403,124,Extended directional process improvement,2023-08-12 11:12:45
404,89,Balanced incremental open system,2023-04-17 15:03:31
405,203,Distributed neutral info-mediaries,2023-05-23 13:08:06
406,624,Persevering stable orchestration,2023-10-14 04:55:15
407,481,Function-based regional secured line,2024-01-25 14:39:23
408,443,Networked dynamic forecast,2023-11-14 09:51:24
409,967,Monitored transitional portal,2023-12-02 02:20:16
410,50,Compatible next generation implementation,2023-03-31 09:06:57
411,832,Innovative bi-directional local area network,2023-06-14 02:03:36
412,389,De-engineered methodical strategy,2023-10-11 00:29:36
413,708,Multi-channelled methodical definition,2023-08-18 21:17:55
414,174,Expanded directional benchmark,2023-10-17 13:30:45
415,502,Customizable scalable groupware,2024-01-01 22:21:33
416,842,Function-based non-volatile moderator,2023-07-26 02:53:52
417,282,Reactive zero defect algorithm,2023-07-05 13:05:17
418,11,Sharable 4th generation synergy,2023-05-04 16:26:51
419,361,Compatible upward-trending extranet,2023-05-11 18:18:00
420,181,Compatible zero defect framework,2023-10-04 15:27:39
421,127,Balanced fresh-thinking initiative,2023-04-18 09:29:32
422,781,Optimized dedicated service-desk,2023-10-17 09:26:54
423,987,Operative zero tolerance knowledge base,2023-04-23 11:08:17
424,405,Progressive global strategy,2023-05-05 12:50:13
425,244,Phased value-added methodology,2024-02-23 11:33:47
426,448,Universal well-modulated local area network,2023-02-28 22:47:54
427,539,Re-contextualized composite adapter,2023-04-21 08:51:07
428,480,Re-contextualized empowering paradigm,2023-03-05 21:41:13
429,216,Decentralized executive projection,2023-08-09 10:46:38
430,272,Cross-platform encompassing groupware,2023-06-07 16:18:45
431,341,Enterprise-wide national data-warehouse,2023-05-27 19:08:03
432,47,Operative incremental capability,2023-11-23 11:40:07
433,505,Compatible systemic orchestration,2023-04-19 18:06:24
434,779,Inverse coherent toolset,2023-07-03 22:15:58
435,360,Right-sized dedicated focus group,2023-07-15 14:52:39
436,58,Multi-layered directional throughput,2023-09-18 22:17:00
437,508,Centralized heuristic migration,2023-12-30 21:08:00
438,615,Profit-focused clear-thinking parallelism,2024-01-16 06:53:27
439,405,Object-based static firmware,2023-06-11 15:44:57
440,582,Open-source holistic portal,2024-01-15 11:51:37
441,673,Centralized discrete superstructure,2023-10-23 11:21:11
442,556,Adaptive local functionalities,2023-03-05 01:39:48
443,816,Function-based didactic adapter,2023-06-11 16:28:27
444,598,Switchable systemic productivity,2023-11-24 05:09:02
445,430,Digitized demand-driven methodology,2023-09-06 09:34:33
446,228,Horizontal 3rd generation emulation,2023-03-30 04:15:51
447,917,Assimilated holistic approach,2023-10-14 23:56:37
448,777,Innovative optimizing capacity,2023-12-22 00:13:58
449,325,Automated grid-enabled pricing structure,2023-06-24 08:01:14
450,422,Reactive clear-thinking leverage,2024-02-01 21:19:04
451,766,Open-source tertiary throughput,2023-09-27 07:58:25
452,697,Operative demand-driven model,2023-04-19 12:40:49
453,119,Automated explicit adapter,2023-03-07 18:04:51
454,704,Visionary responsive analyzer,2023-07-14 18:06:39
455,104,Automated 5th generation conglomeration,2023-04-13 15:02:40
456,592,Focused mission-critical internet solution,2023-10-03 19:34:33
457,364,Digitized executive hardware,2023-10-10 17:55:09
458,799,Managed motivating secured line,2023-11-25 05:05:05
459,860,Reactive intermediate portal,2023-07-01 14:01:05
460,747,Implemented tertiary open architecture,2023-09-22 18:53:00
461,125,Persevering 24 hour emulation,2023-12-26 02:47:04
462,698,Implemented dedicated process improvement,2024-02-26 21:00:42
463,944,Distributed optimal capability,2023-09-19 19:13:54
464,143,User-friendly regional capability,2024-01-19 13:04:20
465,956,Digitized actuating matrices,2023-08-15 15:54:54
466,725,Intuitive optimal productivity,2023-07-08 14:38:12
467,512,Stand-alone tertiary adapter,2023-06-16 03:02:21
468,133,Cross-group even-keeled paradigm,2023-09-29 13:11:37
469,59,Public-key asymmetric synergy,2023-05-06 15:44:45
470,998,Optional even-keeled migration,2023-09-19 02:59:29
471,800,Triple-buffered intermediate utilisation,2023-10-13 20:13:40
472,739,Switchable modular middleware,2023-09-24 08:43:40
473,688,Future-proofed context-sensitive artificial intelligence,2024-01-14 18:15:42
474,949,Compatible 6th generation adapter,2023-09-09 22:29:37
475,948,Optional 3rd generation service-desk,2023-08-20 02:03:28
476,139,Universal optimizing capability,2023-05-11 06:42:13
477,876,Monitored grid-enabled info-mediaries,2023-12-06 20:11:26
478,998,Re-engineered global attitude,2023-03-29 20:50:52
479,942,Upgradable transitional process improvement,2023-10-11 06:42:04
480,560,Inverse heuristic analyzer,2024-01-23 03:54:55
481,268,Implemented leading edge encryption,2023-11-14 22:25:18
482,142,Switchable well-modulated project,2023-05-14 11:29:45
483,129,De-engineered discrete neural-net,2023-05-23 09:43:09
484,251,Enhanced intangible open system,2023-05-06 15:27:54
485,568,Intuitive attitude-oriented projection,2023-07-14 15:50:50
486,75,Automated web-enabled process improvement,2023-03-05 12:03:55
487,829,Self-enabling web-enabled moratorium,2024-02-20 20:24:20
488,347,Upgradable explicit toolset,2023-09-17 15:46:22
489,802,Open-architected 24 hour task-force,2023-08-21 07:28:30
490,46,Stand-alone directional challenge,2023-05-01 17:29:09
491,495,Organized full-range standardization,2024-02-19 21:27:10
492,829,Function-based responsive contingency,2023-06-26 08:15:18
493,540,Exclusive contextually-based pricing structure,2023-04-13 14:03:50
494,179,Intuitive full-range methodology,2023-06-01 08:24:47
495,786,Up-sized grid-enabled model,2023-10-28 05:58:03
496,95,Switchable multimedia hierarchy,2023-08-18 18:42:50
497,604,Balanced dedicated neural-net,2023-04-24 09:16:54
498,713,Down-sized web-enabled benchmark,2023-05-15 19:34:05
499,402,Business-focused logistical process improvement,2023-12-28 01:00:44
500,54,Total explicit orchestration,2023-09-19 08:54:41
501,636,Team-oriented 24/7 conglomeration,2023-08-04 05:21:51
502,248,Cloned foreground emulation,2023-11-21 02:31:57
503,189,Innovative systemic software,2023-11-24 10:14:49
504,105,Customizable upward-trending service-desk,2023-03-31 18:02:25
505,629,Focused asynchronous conglomeration,2023-10-08 13:37:38
506,29,Fundamental grid-enabled definition,2023-11-13 07:56:53
507,941,Versatile bifurcated intranet,2023-08-17 05:26:54
508,464,Reverse-engineered fault-tolerant moderator,2024-01-13 08:05:43
509,506,Phased cohesive time-frame,2023-10-12 01:04:13
510,234,Multi-channelled global installation,2023-12-10 07:44:05
511,778,De-engineered systematic encoding,2023-11-12 07:36:48
512,75,Object-based multi-state database,2023-11-21 14:48:41
513,91,Enterprise-wide dedicated functionalities,2023-04-13 21:49:13
514,429,Operative value-added focus group,2023-05-08 08:36:10
515,250,Assimilated next generation benchmark,2023-12-18 23:52:51
516,522,Diverse bandwidth-monitored hub,2023-07-20 03:00:19
517,301,Assimilated stable instruction set,2023-05-21 03:41:46
518,961,Horizontal 5th generation frame,2023-10-12 09:18:57
519,114,Extended client-server migration,2023-05-18 06:55:28
520,253,Organic client-driven artificial intelligence,2023-09-18 05:26:56
521,998,Reduced discrete hardware,2023-08-01 06:16:51
522,959,Organized upward-trending neural-net,2023-07-04 19:28:42
523,957,Open-source optimizing customer loyalty,2023-07-16 16:13:30
524,221,Reverse-engineered needs-based approach,2023-12-04 03:56:52
525,560,Grass-roots actuating instruction set,2024-01-14 09:22:47
526,322,Profound grid-enabled task-force,2023-10-20 11:09:00
527,4,Stand-alone radical parallelism,2023-06-28 00:36:45
528,670,Decentralized systemic secured line,2024-02-26 11:26:18
529,555,Team-oriented intangible leverage,2024-02-11 23:25:16
530,581,Automated zero defect utilisation,2023-08-18 04:23:39
531,985,Programmable mission-critical functionalities,2023-08-25 14:11:28
532,747,Devolved 24/7 implementation,2023-03-26 19:29:35
533,365,Advanced asynchronous interface,2023-08-24 18:24:30
534,225,Future-proofed 3rd generation website,2023-05-05 06:39:08
535,159,Horizontal multi-tasking data-warehouse,2023-06-12 02:23:32
536,228,Expanded asymmetric project,2023-06-24 17:56:35
537,152,Quality-focused regional success,2023-10-14 06:54:49
538,41,Open-source coherent orchestration,2023-11-26 14:13:58
539,593,Universal mobile customer loyalty,2023-10-01 16:23:49
540,217,Cloned full-range strategy,2023-12-11 21:23:18
541,154,Extended dynamic algorithm,2023-10-11 10:51:03
542,496,Inverse disintermediate superstructure,2023-07-02 18:59:51
543,526,Managed didactic knowledge base,2024-01-08 22:05:46
544,511,Re-contextualized client-driven frame,2023-07-20 23:11:38
545,149,Automated bi-directional standardization,2023-04-09 08:13:36
546,26,User-centric uniform hardware,2023-09-30 07:56:25
547,271,Organized scalable budgetary management,2023-09-04 05:30:55
548,155,Organic multi-state knowledge base,2023-09-13 06:44:41
549,355,Enhanced uniform monitoring,2023-11-05 09:16:44
550,703,Devolved real-time help-desk,2023-11-06 10:44:51
551,764,Enhanced 4th generation leverage,2023-06-12 11:07:28
552,49,Self-enabling national artificial intelligence,2023-12-02 06:20:39
553,726,Organic next generation help-desk,2023-09-23 15:31:20
554,88,Ergonomic directional Graphical User Interface,2023-03-01 06:54:08
555,322,Diverse tertiary interface,2023-05-18 00:54:25
556,225,Front-line explicit monitoring,2023-03-23 04:05:13
557,669,Quality-focused bifurcated help-desk,2023-12-31 03:12:17
558,880,Exclusive non-volatile alliance,2023-11-29 21:36:50
559,882,Pre-emptive next generation superstructure,2023-03-23 08:24:33
560,547,Cloned even-keeled ability,2024-01-25 13:07:52
561,721,Configurable transitional hierarchy,2023-05-09 16:01:50
562,598,Mandatory stable knowledge user,2023-03-30 08:00:14
563,229,Diverse multimedia definition,2023-06-16 11:41:01
564,353,Compatible zero administration success,2023-06-13 15:57:30
565,736,Polarised asynchronous intranet,2024-02-22 16:17:26
566,347,Exclusive stable utilisation,2024-02-28 23:30:25
567,834,Persevering analyzing core,2024-02-03 17:39:25
568,985,Optional transitional paradigm,2023-07-28 07:42:06
569,955,Total cohesive intranet,2023-07-05 21:32:57
570,224,Extended value-added portal,2023-04-17 19:37:32
571,608,Persevering clear-thinking project,2023-09-30 11:37:18
572,179,Adaptive secondary model,2023-06-21 19:00:44
573,576,Balanced 24/7 infrastructure,2023-09-24 05:07:40
574,710,Reverse-engineered zero administration local area network,2023-11-06 03:39:24
575,682,Robust client-driven benchmark,2023-09-30 07:53:37
576,945,Mandatory motivating core,2023-04-23 14:23:31
577,828,Compatible discrete neural-net,2023-04-27 22:23:39
578,690,Reverse-engineered static ability,2024-02-08 04:28:25
579,287,Visionary web-enabled circuit,2023-10-19 15:35:40
580,488,Reduced optimizing productivity,2023-03-21 14:30:56
581,176,Profound empowering access,2023-05-25 16:43:55
582,895,Pre-emptive content-based approach,2023-03-12 22:02:40
583,76,Customer-focused hybrid benchmark,2024-02-06 02:53:17
584,242,Cross-group empowering monitoring,2024-01-25 18:29:28
585,571,Right-sized homogeneous support,2023-07-08 06:40:05
586,76,Profound demand-driven hierarchy,2023-04-09 13:20:13
587,394,Focused logistical core,2023-12-30 18:10:28
588,979,Reduced well-modulated matrix,2023-08-31 05:29:32
589,179,Managed executive concept,2023-10-06 15:44:46
590,89,Persistent multimedia circuit,2023-07-03 07:40:16
591,912,Optimized actuating encryption,2024-02-26 02:10:12
592,952,Customizable high-level help-desk,2024-02-11 01:56:38
593,920,Managed secondary secured line,2023-07-08 06:15:01
594,666,Profound dynamic extranet,2023-12-11 13:19:58
595,297,Innovative background capability,2023-05-16 22:41:22
596,752,Decentralized encompassing flexibility,2023-07-05 16:59:28
597,605,Up-sized scalable concept,2023-05-22 03:04:38
598,93,Focused stable migration,2023-03-03 21:24:12
599,188,Multi-lateral zero administration monitoring,2023-11-10 21:31:47
600,343,Face to face actuating middleware,2023-10-03 09:56:39
601,364,Optimized modular help-desk,2023-05-27 07:08:50
602,983,Inverse static challenge,2023-08-05 18:28:34
603,322,Self-enabling non-volatile info-mediaries,2023-11-29 11:41:33
604,888,Reverse-engineered composite flexibility,2023-07-19 01:16:07
605,525,Right-sized 24 hour synergy,2024-02-22 01:13:15
606,705,Configurable tangible encryption,2023-05-08 17:31:58
607,181,Right-sized intangible intranet,2023-11-21 15:35:24
608,75,Profit-focused even-keeled installation,2023-04-19 10:40:12
609,815,Team-oriented context-sensitive infrastructure,2023-12-09 07:33:32
610,990,Enhanced asynchronous migration,2023-07-23 00:27:54
611,812,Customizable impactful functionalities,2023-05-09 12:52:00
612,706,Multi-channelled tangible open architecture,2023-12-11 10:57:39
613,238,Digitized zero tolerance moratorium,2023-09-17 03:17:40
614,613,Persistent system-worthy attitude,2023-03-24 20:32:51
615,238,Business-focused stable encryption,2023-11-14 07:12:20
616,403,Cross-group empowering flexibility,2023-07-31 16:04:03
617,42,De-engineered dedicated product,2023-08-26 15:18:52
618,795,De-engineered fresh-thinking instruction set,2023-07-04 05:17:26
619,513,Mandatory didactic implementation,2024-02-28 16:24:37
620,207,Enterprise-wide zero defect portal,2023-04-30 05:21:01
621,447,Mandatory multimedia challenge,2023-03-30 17:41:03
622,990,Ergonomic global analyzer,2023-05-22 11:56:19
623,913,Front-line intermediate capacity,2023-03-20 04:02:07
624,523,Advanced regional benchmark,2023-06-17 15:36:03
625,866,Phased dynamic firmware,2024-01-16 15:11:21
626,375,User-friendly value-added Graphical User Interface,2024-01-06 05:09:22
627,225,User-friendly intermediate database,2024-02-16 16:31:11
628,382,Enterprise-wide even-keeled solution,2023-11-15 10:22:17
629,490,Reactive neutral collaboration,2023-09-12 21:52:22
630,427,Vision-oriented empowering frame,2023-08-25 18:06:12
631,15,Organized holistic system engine,2023-12-19 08:54:13
632,292,Down-sized regional process improvement,2024-01-22 15:04:45
633,61,Future-proofed web-enabled parallelism,2023-08-06 06:55:46
634,409,Sharable optimal info-mediaries,2023-05-03 22:01:40
635,309,Open-architected systematic customer loyalty,2024-01-05 10:33:30
636,608,Up-sized mission-critical workforce,2023-08-19 14:22:48
637,702,Customer-focused analyzing leverage,2023-09-05 08:17:10
638,262,Stand-alone secondary array,2023-06-22 09:30:54
639,677,Upgradable holistic application,2023-03-15 18:40:01
640,717,Optimized needs-based analyzer,2023-03-03 10:46:55
641,709,Function-based attitude-oriented toolset,2023-11-26 04:10:14
642,455,Customizable demand-driven help-desk,2023-07-21 11:08:41
643,303,Compatible stable database,2023-08-17 19:09:38
644,956,Re-engineered multi-state database,2023-09-06 02:18:20
645,870,Assimilated analyzing budgetary management,2023-12-04 10:21:51
646,650,Up-sized uniform implementation,2023-03-22 02:29:36
647,141,Organized eco-centric interface,2023-08-16 03:15:54
648,393,Polarised 4th generation instruction set,2023-09-11 16:16:20
649,514,Integrated radical protocol,2023-03-22 17:48:33
650,11,Fundamental optimal encoding,2023-12-11 18:07:16
651,71,Public-key mission-critical middleware,2023-05-20 01:18:43
652,779,Vision-oriented 5th generation structure,2023-09-19 17:22:10
653,938,Profound next generation adapter,2023-06-02 04:26:33
654,763,Adaptive even-keeled website,2023-07-05 22:37:08
655,674,Balanced multimedia hub,2023-04-05 22:08:23
656,602,Ameliorated non-volatile info-mediaries,2023-10-21 20:36:40
657,977,Configurable encompassing matrices,2023-03-25 14:47:56
658,57,Visionary responsive conglomeration,2023-05-26 14:53:39
659,794,Stand-alone bi-directional support,2023-04-19 21:22:32
660,815,Focused maximized initiative,2023-07-23 22:28:34
661,89,Universal neutral groupware,2024-01-02 13:32:22
662,811,Compatible zero tolerance complexity,2023-12-23 04:55:27
663,566,Grass-roots bi-directional contingency,2023-06-17 10:31:00
664,970,Robust methodical moratorium,2023-03-23 23:41:39
665,222,Multi-lateral didactic data-warehouse,2024-02-26 10:29:28
666,443,Expanded coherent infrastructure,2024-01-13 01:30:22
667,58,Ergonomic explicit throughput,2023-04-26 15:38:28
668,767,Optimized dynamic throughput,2024-02-27 05:07:07
669,623,Intuitive coherent software,2023-10-15 19:34:33
670,636,Exclusive system-worthy secured line,2024-02-27 00:01:05
671,257,Proactive exuding task-force,2024-02-19 22:56:10
672,487,Face to face bifurcated core,2024-02-15 14:38:52
673,123,Self-enabling incremental ability,2024-02-03 22:43:12
674,313,Profound discrete policy,2023-12-04 05:10:50
675,45,Open-architected radical adapter,2023-09-20 22:09:20
676,253,Ameliorated modular challenge,2024-01-11 00:02:46
677,251,Distributed uniform installation,2023-12-09 13:54:31
678,944,Synergized actuating archive,2024-02-02 15:37:23
679,444,Advanced zero tolerance initiative,2023-05-15 05:13:29
680,739,User-friendly exuding open system,2023-11-15 17:22:48
681,109,Fundamental human-resource superstructure,2023-10-15 01:32:58
682,441,Synchronised scalable core,2023-08-18 05:19:24
683,718,Cross-group empowering productivity,2023-07-27 15:03:02
684,672,Exclusive bottom-line productivity,2023-09-13 19:53:33
685,44,Integrated stable task-force,2023-05-08 02:36:59
686,849,Switchable non-volatile open system,2023-04-02 06:54:44
687,525,Distributed composite moderator,2023-03-03 15:54:24
688,522,Function-based full-range definition,2023-04-10 17:44:12
689,996,Multi-layered background secured line,2023-06-15 10:39:33
690,447,Up-sized reciprocal superstructure,2024-01-09 13:20:29
691,149,Public-key client-driven budgetary management,2023-07-28 00:14:24
692,738,Cross-group dynamic architecture,2023-03-13 16:27:14
693,504,Advanced tangible solution,2023-08-17 01:42:04
694,910,Optimized static application,2023-04-23 14:47:49
695,736,Devolved 6th generation access,2023-08-18 02:36:34
696,539,Phased 6th generation artificial intelligence,2023-09-17 02:34:01
697,131,Seamless demand-driven knowledge user,2023-04-11 15:26:07
698,912,Multi-tiered empowering software,2024-02-13 05:05:42
699,602,Enhanced fresh-thinking toolset,2023-10-22 04:38:49
700,735,Devolved maximized artificial intelligence,2023-08-18 12:35:53
701,595,Open-source multi-state algorithm,2023-12-22 23:52:25
702,361,Diverse static time-frame,2023-12-14 16:31:55
703,160,Ergonomic optimizing project,2023-05-12 11:46:27
704,483,Inverse uniform encoding,2023-06-19 05:12:50
705,530,Quality-focused 6th generation migration,2023-08-25 17:27:55
706,591,Ameliorated upward-trending forecast,2023-03-15 08:05:55
707,614,Ergonomic didactic collaboration,2023-08-27 19:59:48
708,997,Diverse solution-oriented structure,2023-05-13 11:30:27
709,917,Profit-focused background alliance,2024-02-20 10:09:01
710,653,Down-sized methodical structure,2023-04-03 02:39:09
711,600,Face to face maximized local area network,2024-01-07 04:17:19
712,32,Function-based content-based migration,2023-10-16 11:58:17
713,221,Cross-platform bifurcated open system,2023-05-06 00:21:42
714,949,Enhanced 6th generation local area network,2024-01-01 07:56:13
715,454,Innovative leading edge architecture,2023-03-14 18:23:03
716,973,Centralized reciprocal project,2023-09-23 17:05:19
717,602,Seamless local database,2023-07-16 15:18:42
718,639,Centralized mission-critical time-frame,2023-05-17 17:47:11
719,989,Configurable static intranet,2023-06-14 14:26:55
720,716,Reverse-engineered actuating process improvement,2023-07-03 02:08:12
721,577,Balanced 4th generation secured line,2023-05-06 23:32:42
722,656,Innovative needs-based product,2024-02-04 04:55:58
723,311,Focused optimal methodology,2023-04-14 11:41:32
724,889,Extended incremental customer loyalty,2023-03-31 10:00:42
725,774,Optional national superstructure,2023-08-10 02:02:45
726,181,Polarised 4th generation conglomeration,2023-03-13 00:04:20
727,863,Realigned foreground task-force,2023-09-06 06:03:20
728,881,Future-proofed responsive complexity,2023-06-08 11:33:30
729,586,Synchronised needs-based utilisation,2024-01-02 03:42:36
730,308,Optional non-volatile interface,2023-12-06 03:49:10
731,474,Ameliorated well-modulated benchmark,2023-11-12 03:29:06
732,871,Multi-tiered background Graphical User Interface,2023-05-26 21:08:18
733,419,Multi-channelled bandwidth-monitored knowledge base,2023-10-16 18:17:21
734,254,Phased impactful archive,2024-02-14 12:53:25
735,985,Optimized modular strategy,2023-03-10 07:11:51
736,693,Multi-layered full-range leverage,2023-09-24 18:48:33
737,240,Optimized discrete workforce,2023-11-28 21:43:51
738,989,Integrated methodical portal,2023-12-15 14:31:16
739,4,Enterprise-wide user-facing customer loyalty,2023-07-31 07:50:22
740,464,Upgradable fresh-thinking throughput,2023-09-16 21:14:15
741,247,Monitored 4th generation firmware,2024-01-30 08:43:38
742,777,Up-sized well-modulated task-force,2023-03-21 10:26:13
743,402,Compatible global project,2023-08-16 22:33:28
744,510,Function-based maximized infrastructure,2023-09-13 00:24:30
745,47,Managed asymmetric core,2023-07-10 00:05:59
746,300,Enterprise-wide discrete firmware,2023-07-22 07:38:25
747,540,Integrated next generation strategy,2023-12-14 11:34:55
748,727,Expanded responsive software,2024-02-19 23:57:29
749,531,Profound upward-trending software,2023-11-21 12:56:36
750,708,Assimilated multi-state knowledge base,2023-06-29 14:55:41
751,664,Exclusive intangible contingency,2024-02-18 22:13:56
752,855,Profound zero tolerance collaboration,2023-05-03 21:56:01
753,630,Open-architected client-driven encryption,2023-10-05 04:50:43
754,98,Sharable full-range intranet,2024-01-25 00:56:05
755,446,Focused empowering groupware,2023-11-11 00:00:20
756,620,Cloned stable moratorium,2023-09-05 11:06:18
757,273,Monitored scalable solution,2024-01-28 14:52:36
758,865,Advanced real-time system engine,2023-07-09 12:51:45
759,591,Fully-configurable tangible alliance,2023-11-24 22:23:00
760,67,Virtual zero administration hierarchy,2023-08-31 18:09:48
761,210,Programmable empowering concept,2023-03-27 15:43:51
762,327,User-centric object-oriented function,2023-12-21 16:30:52
763,804,Extended disintermediate model,2023-05-07 06:26:26
764,238,Multi-layered non-volatile standardization,2023-12-25 06:30:24
765,458,Multi-tiered grid-enabled structure,2023-05-21 06:49:32
766,797,Cross-group static encoding,2023-05-14 01:30:56
767,445,Fully-configurable hybrid challenge,2023-04-29 09:31:48
768,200,Streamlined non-volatile circuit,2023-08-06 22:40:27
769,106,Proactive radical Graphic Interface,2023-03-16 02:48:27
770,186,Synergistic full-range matrices,2023-03-24 06:45:17
771,943,Persevering context-sensitive throughput,2023-03-10 08:14:38
772,519,Quality-focused secondary groupware,2024-02-01 13:26:11
773,521,Self-enabling coherent initiative,2023-07-19 14:37:36
774,343,Future-proofed logistical secured line,2023-09-21 21:58:43
775,936,Re-contextualized neutral attitude,2023-12-10 02:13:43
776,104,Public-key web-enabled installation,2023-09-15 14:46:58
777,44,Robust next generation attitude,2023-07-15 07:06:59
778,304,Automated transitional orchestration,2023-04-26 19:42:30
779,694,Customer-focused intermediate benchmark,2023-06-12 04:43:13
780,212,User-centric maximized matrix,2023-08-02 08:23:52
781,380,Monitored multimedia array,2023-12-16 10:37:53
782,428,Right-sized systematic extranet,2023-05-16 23:42:32
783,194,Sharable fault-tolerant matrix,2023-07-14 11:58:59
784,783,Enhanced client-server methodology,2023-12-04 01:37:28
785,424,Vision-oriented fresh-thinking parallelism,2023-05-01 02:05:34
786,178,Down-sized optimizing middleware,2023-06-18 08:44:23
787,681,Enterprise-wide tangible functionalities,2023-11-02 15:21:14
788,599,Multi-lateral dedicated productivity,2023-05-04 10:26:40
789,244,Enhanced fresh-thinking groupware,2023-03-31 15:29:33
790,796,Mandatory discrete policy,2024-01-15 02:18:05
791,935,Optimized uniform interface,2023-11-25 23:11:29
792,24,Inverse bifurcated architecture,2023-08-11 15:40:37
793,726,Distributed asynchronous core,2023-12-03 16:21:24
794,633,Universal zero tolerance collaboration,2023-12-23 20:13:50
795,953,De-engineered radical budgetary management,2023-10-20 02:05:29
796,640,Business-focused maximized service-desk,2023-04-14 10:53:03
797,460,Grass-roots encompassing standardization,2023-09-25 08:53:19
798,216,Exclusive well-modulated product,2023-05-30 22:20:30
799,460,Adaptive solution-oriented function,2023-04-04 03:42:32
800,136,Horizontal fresh-thinking concept,2023-07-04 04:30:02
801,13,Open-architected systemic functionalities,2023-11-24 12:25:14
802,653,Multi-channelled disintermediate functionalities,2023-11-28 11:22:03
803,336,Synergistic contextually-based benchmark,2023-04-08 21:56:03
804,975,Multi-channelled radical orchestration,2023-12-11 12:13:24
805,902,Inverse even-keeled attitude,2024-01-25 07:41:19
806,753,Versatile multimedia hub,2023-05-22 00:38:25
807,446,Expanded discrete approach,2024-01-31 23:23:38
808,306,Down-sized radical architecture,2023-09-14 15:41:38
809,687,Versatile full-range capacity,2023-11-27 06:37:32
810,345,Team-oriented asymmetric local area network,2023-09-17 22:44:45
811,253,Optimized executive local area network,2023-09-21 16:21:48
812,44,Enhanced next generation website,2023-11-03 05:18:05
813,538,Total exuding orchestration,2023-03-03 15:02:15
814,838,Intuitive client-server complexity,2023-07-07 22:19:26
815,678,Devolved upward-trending interface,2023-09-05 10:23:42
816,125,Automated clear-thinking standardization,2023-04-15 08:55:16
817,393,Programmable 4th generation synergy,2023-03-03 10:20:06
818,143,Optional zero administration emulation,2023-05-28 04:52:34
819,272,Persevering cohesive instruction set,2023-10-18 15:26:44
820,695,Sharable leading edge array,2024-01-17 12:18:35
821,473,Automated actuating collaboration,2023-06-25 15:40:21
822,48,Balanced stable artificial intelligence,2023-05-09 13:17:38
823,799,Persevering logistical website,2023-04-30 10:01:59
824,841,Diverse holistic local area network,2024-01-30 02:30:00
825,210,Front-line tertiary benchmark,2023-06-23 16:03:28
826,724,Sharable methodical challenge,2023-11-13 21:49:52
827,58,Ameliorated system-worthy middleware,2023-11-23 23:16:04
828,585,Assimilated composite website,2023-12-05 07:35:58
829,154,Multi-channelled upward-trending parallelism,2023-12-02 02:18:51
830,688,Synergized asynchronous algorithm,2023-05-06 15:08:02
831,694,Self-enabling background matrix,2023-08-08 15:20:47
832,217,Ergonomic user-facing superstructure,2024-01-13 12:56:12
833,439,Streamlined 6th generation extranet,2023-11-07 04:33:12
834,209,Synchronised zero administration frame,2023-04-23 10:47:09
835,398,Cross-platform human-resource artificial intelligence,2023-12-15 21:03:08
836,692,Horizontal high-level model,2023-05-01 11:31:41
837,898,Monitored static orchestration,2023-05-25 07:24:18
838,719,Organized attitude-oriented internet solution,2023-03-10 08:06:06
839,555,Customizable grid-enabled architecture,2023-10-29 02:23:43
840,254,Organic multi-state ability,2023-04-18 07:41:55
841,740,Extended 24 hour methodology,2023-10-22 15:00:25
842,150,Grass-roots dedicated toolset,2023-08-12 20:20:09
843,103,Advanced zero tolerance application,2024-01-17 15:17:50
844,326,User-friendly zero administration flexibility,2024-01-10 20:36:12
845,845,Extended maximized website,2023-10-02 18:52:27
846,204,Sharable cohesive encoding,2023-06-15 11:32:19
847,103,Fully-configurable encompassing array,2023-07-06 15:08:08
848,88,Multi-channelled interactive complexity,2023-05-09 23:29:54
849,308,Universal coherent monitoring,2023-04-25 23:35:53
850,532,Upgradable radical ability,2023-03-04 06:18:10
851,673,Ergonomic client-server software,2023-07-02 21:01:32
852,115,Secured bottom-line standardization,2024-01-26 07:48:42
853,167,User-centric even-keeled conglomeration,2023-08-11 05:52:49
854,891,Expanded asymmetric functionalities,2023-06-06 03:16:37
855,23,Public-key non-volatile synergy,2023-10-08 23:53:15
856,351,Switchable user-facing leverage,2023-04-10 03:39:47
857,894,Devolved explicit productivity,2024-02-09 01:00:28
858,73,Robust local migration,2023-07-19 22:16:03
859,908,Self-enabling static attitude,2023-06-18 16:29:47
860,459,Secured logistical leverage,2023-07-20 01:08:44
861,105,Stand-alone solution-oriented instruction set,2023-06-19 11:28:22
862,174,Cross-platform optimizing superstructure,2023-08-01 22:40:15
863,672,Seamless systemic middleware,2024-02-10 00:19:28
864,274,Expanded regional knowledge user,2023-08-30 06:09:54
865,878,Managed 24/7 strategy,2023-10-14 21:05:00
866,100,Extended bottom-line firmware,2023-11-12 08:15:50
867,919,Horizontal systemic core,2024-01-22 20:12:54
868,699,Cloned tertiary Graphical User Interface,2023-07-21 11:53:55
869,469,Function-based static parallelism,2023-07-28 17:09:06
870,951,Intuitive background alliance,2023-03-14 02:47:07
871,345,Mandatory didactic neural-net,2023-11-26 11:02:49
872,589,Mandatory bottom-line matrix,2023-07-25 08:09:05
873,807,Reverse-engineered dedicated initiative,2023-04-22 19:34:02
874,828,Devolved analyzing hierarchy,2023-06-17 14:20:29
875,672,Diverse didactic archive,2023-09-29 17:17:47
876,639,Upgradable multi-state workforce,2023-11-21 22:40:28
877,209,Streamlined static productivity,2023-07-13 01:30:30
878,956,Upgradable national circuit,2023-07-13 13:46:19
879,645,Right-sized 24/7 interface,2023-04-01 13:16:24
880,635,Face to face non-volatile neural-net,2023-08-07 19:13:39
881,860,Customer-focused even-keeled leverage,2023-06-21 10:00:07
882,972,Implemented eco-centric alliance,2023-10-31 07:24:56
883,122,Distributed static leverage,2024-01-14 08:11:32
884,370,Extended radical portal,2024-01-13 01:56:04
885,161,Re-engineered web-enabled interface,2023-08-17 14:54:34
886,856,Synergistic multi-tasking portal,2023-08-08 20:40:24
887,108,Decentralized human-resource knowledge user,2023-06-22 18:12:31
888,7,Front-line motivating access,2023-05-05 12:02:10
889,854,User-friendly client-driven help-desk,2023-11-25 22:11:38
890,945,Reduced homogeneous functionalities,2024-02-07 20:02:53
891,886,Profit-focused bi-directional synergy,2023-07-14 02:24:46
892,596,Visionary interactive leverage,2023-11-15 11:45:56
893,525,Stand-alone global initiative,2023-11-02 09:37:56
894,388,Multi-lateral mobile utilisation,2023-07-22 01:34:25
895,865,Progressive national customer loyalty,2023-05-29 22:51:13
896,49,Triple-buffered background system engine,2024-02-23 22:41:35
897,425,Reactive tangible moratorium,2023-05-12 21:33:19
898,523,Cross-group maximized core,2023-03-10 08:09:31
899,345,Future-proofed local methodology,2023-07-07 22:39:58
900,564,Compatible system-worthy strategy,2023-11-26 09:00:31
901,851,Virtual full-range superstructure,2023-11-25 02:52:50
902,182,Enhanced 3rd generation definition,2023-07-07 13:10:06
903,246,Decentralized zero administration structure,2023-12-10 01:32:18
904,997,De-engineered disintermediate productivity,2023-06-23 21:08:03
905,760,Persistent value-added help-desk,2023-05-11 02:25:23
906,830,Reverse-engineered client-driven moratorium,2024-01-08 21:53:56
907,164,Focused human-resource firmware,2023-12-15 01:39:54
908,767,Triple-buffered directional attitude,2023-06-09 15:45:22
909,869,Total homogeneous contingency,2023-09-12 18:06:18
910,132,Upgradable local workforce,2023-09-24 17:19:30
911,425,Distributed client-driven forecast,2023-07-26 20:10:13
912,139,User-centric systemic time-frame,2024-02-17 16:03:22
913,498,Intuitive disintermediate help-desk,2024-02-09 06:21:05
914,277,Digitized zero administration portal,2023-07-06 00:48:04
915,792,Customer-focused 6th generation capability,2023-04-03 10:58:45
916,821,Re-contextualized holistic conglomeration,2023-07-12 22:54:09
917,996,Quality-focused context-sensitive definition,2023-05-03 04:46:42
918,625,Front-line motivating workforce,2023-12-15 13:22:35
919,74,Re-contextualized logistical encoding,2023-09-03 18:36:54
920,270,Function-based even-keeled encryption,2023-10-13 11:59:12
921,265,Profit-focused cohesive utilisation,2023-04-13 14:25:21
922,412,Vision-oriented static algorithm,2024-02-28 23:30:01
923,826,Object-based systematic instruction set,2023-11-30 17:43:57
924,58,Adaptive heuristic productivity,2024-01-05 14:06:12
925,842,Cloned next generation help-desk,2023-08-07 23:04:04
926,11,Synchronised optimizing contingency,2023-04-22 14:06:12
927,908,Cross-group national website,2023-05-23 22:17:29
928,401,Focused logistical moratorium,2023-11-18 19:49:18
929,332,Persevering responsive implementation,2023-04-24 00:16:52
930,340,Multi-tiered 4th generation definition,2023-07-06 07:53:02
931,359,User-friendly interactive info-mediaries,2023-05-15 09:05:27
932,598,Organized cohesive artificial intelligence,2023-05-17 20:50:37
933,517,Networked mobile superstructure,2023-10-25 15:37:01
934,372,Compatible local contingency,2023-06-30 15:44:59
935,805,Re-engineered empowering attitude,2023-08-07 05:30:50
936,836,Future-proofed explicit utilisation,2023-08-10 04:35:57
937,879,Compatible fault-tolerant definition,2023-11-02 13:49:40
938,69,Re-contextualized high-level strategy,2023-06-12 06:22:05
939,392,User-centric intermediate secured line,2023-04-21 02:19:22
940,388,De-engineered secondary alliance,2024-02-11 00:43:27
941,387,Balanced grid-enabled contingency,2024-02-09 18:38:03
942,794,Cross-group optimal middleware,2024-01-30 05:40:07
943,136,Open-architected bifurcated matrices,2023-12-27 05:16:01
944,159,Front-line systemic throughput,2024-02-21 05:35:06
945,693,Quality-focused asymmetric flexibility,2023-11-18 08:19:35
946,137,Enterprise-wide composite software,2023-08-31 12:10:14
947,391,Business-focused human-resource focus group,2023-06-13 05:58:12
948,688,Switchable executive migration,2024-01-28 11:18:24
949,945,Focused leading edge implementation,2023-12-04 01:46:42
950,973,Multi-channelled solution-oriented interface,2023-11-18 19:13:10
951,828,Future-proofed tertiary protocol,2024-01-23 04:34:55
952,829,Assimilated logistical alliance,2023-08-25 11:06:46
953,925,Assimilated regional emulation,2023-08-12 19:15:22
954,659,Reactive intermediate artificial intelligence,2024-01-19 21:39:06
955,62,De-engineered multi-tasking archive,2023-07-28 08:24:22
956,676,Multi-tiered responsive instruction set,2023-03-17 09:51:54
957,535,Devolved didactic standardization,2023-05-06 06:01:36
958,750,Reverse-engineered exuding policy,2024-02-25 20:42:50
959,503,Total contextually-based encryption,2023-08-16 02:40:08
960,898,Front-line human-resource knowledge user,2023-11-15 04:42:48
961,905,Devolved zero administration middleware,2023-06-08 15:38:22
962,80,Pre-emptive eco-centric architecture,2023-05-18 08:58:06
963,41,Down-sized neutral process improvement,2023-04-19 17:45:09
964,669,Configurable homogeneous capacity,2023-08-29 11:54:57
965,35,Compatible 5th generation infrastructure,2023-10-19 11:01:32
966,486,Future-proofed hybrid matrix,2023-06-17 23:37:20
967,793,Exclusive zero administration internet solution,2023-09-24 18:15:28
968,873,Universal scalable archive,2023-10-05 07:49:22
969,133,Intuitive neutral strategy,2023-09-04 20:55:42
970,216,Pre-emptive 6th generation framework,2024-01-10 05:17:37
971,206,Up-sized object-oriented orchestration,2023-05-29 14:00:48
972,343,Universal encompassing infrastructure,2023-04-07 21:18:23
973,41,Enhanced even-keeled product,2023-08-24 09:07:26
974,171,Persistent homogeneous software,2023-12-15 23:01:05
975,97,Cloned foreground hardware,2023-08-19 07:38:08
976,671,Assimilated clear-thinking internet solution,2023-07-28 08:22:50
977,294,Customizable responsive methodology,2023-10-24 05:54:40
978,726,Sharable explicit database,2023-10-22 13:20:06
979,872,Progressive clear-thinking internet solution,2023-03-25 09:36:05
980,756,Networked human-resource array,2024-02-16 08:02:04
981,835,Horizontal client-driven system engine,2023-11-10 14:20:06
982,117,Focused zero administration challenge,2023-08-23 12:37:01
983,481,Realigned upward-trending algorithm,2023-07-31 15:02:16
984,400,Polarised composite productivity,2023-09-04 23:38:04
985,467,Business-focused maximized help-desk,2024-01-22 06:34:18
986,799,De-engineered non-volatile groupware,2023-08-17 13:27:19
987,222,Fundamental incremental throughput,2023-11-22 01:32:58
988,414,Universal solution-oriented groupware,2023-04-22 13:05:41
989,462,Upgradable client-driven secured line,2023-11-07 11:03:53
990,543,Open-source mobile challenge,2024-02-05 23:21:04
991,707,Extended 24 hour neural-net,2023-11-04 19:11:13
992,973,Business-focused web-enabled core,2023-06-09 07:26:28
993,615,Managed 24/7 help-desk,2023-08-08 20:47:02
994,291,Self-enabling cohesive protocol,2024-02-11 02:41:58
995,771,Vision-oriented multi-state pricing structure,2023-10-10 18:02:33
996,944,Customer-focused dedicated time-frame,2024-01-05 11:35:55
997,447,User-centric full-range archive,2023-09-25 14:13:26
998,492,Extended regional core,2023-04-03 22:28:17
999,825,Cross-platform transitional instruction set,2023-04-02 09:56:40
1000,354,Total neutral instruction set,2024-01-07 03:30:16
