message_id,sender_id,reciever_id,message_text,view_status,sent_at
1,431,153,streamline 24/365 solutions,1,2017-07-22 01:19:40
2,899,993,streamline rich initiatives,1,2017-08-03 00:07:12
3,55,447,target user-centric mindshare,1,2020-08-13 23:59:08
4,878,681,seize ubiquitous schemas,0,2014-06-07 12:51:58
5,627,570,incubate vertical e-tailers,1,2017-04-16 09:00:32
6,564,872,enable B2B initiatives,1,2014-11-23 03:54:59
7,971,755,recontextualize best-of-breed portals,1,2012-02-03 23:47:53
8,646,55,architect holistic web-readiness,1,2012-08-04 23:59:36
9,204,336,syndicate wireless architectures,0,2011-03-12 17:38:19
10,309,993,aggregate bleeding-edge convergence,1,2015-01-01 05:58:30
11,28,965,transition revolutionary niches,0,2015-02-02 07:13:05
12,992,104,embrace one-to-one e-services,0,2014-01-10 01:00:43
13,461,928,utilize granular interfaces,0,2015-09-18 07:06:28
14,633,835,visualize seamless eyeballs,0,2022-12-19 20:00:27
15,376,366,benchmark global e-business,0,2011-12-18 18:22:38
16,783,472,recontextualize virtual content,1,2016-03-02 04:37:04
17,176,167,maximize impactful paradigms,1,2022-08-03 21:49:12
18,711,445,transition open-source schemas,0,2016-10-16 13:49:07
19,368,112,synergize transparent systems,1,2016-01-26 14:12:13
20,840,594,revolutionize granular paradigms,0,2019-07-02 07:20:29
21,839,823,redefine efficient models,1,2017-10-30 19:53:15
22,365,986,embrace cutting-edge schemas,1,2017-09-19 20:53:51
23,627,523,incentivize viral e-markets,1,2021-05-10 06:05:10
24,936,243,deploy cross-platform deliverables,0,2016-09-13 04:55:49
25,289,83,redefine rich platforms,0,2022-12-06 20:17:00
26,856,50,facilitate sticky platforms,1,2023-10-03 08:41:23
27,654,347,seize one-to-one mindshare,0,2018-02-12 05:48:26
28,11,824,scale scalable metrics,1,2019-06-16 12:07:04
29,339,351,transform cross-media functionalities,1,2017-06-11 17:00:34
30,392,4,transition back-end solutions,1,2011-11-30 07:55:00
31,203,984,integrate innovative communities,1,2013-07-06 14:17:10
32,20,402,embrace robust synergies,1,2010-10-06 13:15:46
33,982,516,facilitate user-centric niches,0,2018-07-16 19:48:35
34,267,749,innovate e-business convergence,0,2020-04-22 13:52:32
35,540,256,generate bricks-and-clicks ROI,1,2011-10-06 11:30:25
36,672,173,optimize revolutionary networks,0,2021-04-12 11:06:15
37,185,90,scale value-added initiatives,0,2022-03-19 21:46:20
38,670,274,harness user-centric vortals,1,2020-02-08 07:50:09
39,339,673,disintermediate cutting-edge methodologies,1,2010-12-25 11:49:12
40,44,515,optimize real-time niches,1,2022-09-05 07:43:05
41,59,871,seize best-of-breed solutions,0,2013-06-02 13:14:21
42,668,916,visualize cross-platform supply-chains,1,2017-11-23 02:16:58
43,460,926,deliver cross-media portals,1,2021-10-21 13:43:19
44,665,505,target visionary vortals,0,2017-12-11 04:19:01
45,163,557,e-enable out-of-the-box initiatives,0,2023-02-27 07:03:45
46,731,299,recontextualize wireless web services,0,2012-11-04 21:36:27
47,959,349,cultivate strategic platforms,1,2017-01-30 09:56:32
48,610,776,reintermediate impactful bandwidth,0,2021-12-06 23:45:01
49,895,980,brand front-end e-business,1,2022-07-09 14:29:33
50,376,885,target scalable convergence,1,2010-11-12 03:01:42
51,638,660,harness sexy metrics,1,2014-09-07 13:51:16
52,589,455,revolutionize back-end initiatives,1,2021-08-14 18:01:37
53,680,592,matrix out-of-the-box systems,1,2020-05-30 04:09:10
54,65,391,extend leading-edge technologies,0,2023-09-27 14:13:17
55,581,570,drive 24/365 interfaces,1,2012-06-28 07:55:31
56,90,16,benchmark frictionless solutions,1,2017-01-29 16:39:07
57,789,152,generate dynamic solutions,1,2020-12-11 03:02:47
58,996,688,orchestrate revolutionary action-items,0,2017-08-12 14:14:45
59,748,907,monetize customized portals,0,2017-07-11 01:55:51
60,217,492,architect e-business infomediaries,1,2023-04-28 10:48:06
61,844,833,streamline customized web services,0,2013-08-04 22:03:31
62,217,206,productize killer markets,0,2016-12-19 12:36:23
63,215,597,optimize web-enabled markets,0,2021-02-05 04:42:14
64,283,671,scale e-business deliverables,1,2014-08-01 19:24:40
65,902,876,productize user-centric partnerships,1,2011-02-01 23:55:52
66,323,925,recontextualize 24/365 initiatives,1,2022-12-15 00:17:24
67,998,102,maximize interactive niches,0,2012-10-08 13:10:57
68,915,605,productize mission-critical deliverables,1,2012-09-24 14:01:24
69,56,677,incentivize 24/7 applications,1,2017-01-01 23:13:45
70,155,755,e-enable plug-and-play experiences,0,2019-02-09 01:01:14
71,776,843,e-enable compelling partnerships,0,2015-07-01 07:18:39
72,578,184,architect magnetic portals,0,2013-01-16 00:38:29
73,349,459,enhance efficient niches,1,2010-10-31 20:14:58
74,31,76,utilize open-source channels,1,2017-09-21 07:38:45
75,63,362,incubate out-of-the-box schemas,0,2017-06-25 07:47:25
76,258,562,empower dynamic e-services,0,2020-04-12 10:55:33
77,180,416,embrace interactive e-business,1,2013-11-05 19:13:03
78,63,465,generate enterprise markets,0,2021-02-07 11:06:15
79,780,148,disintermediate dot-com vortals,0,2012-12-25 02:27:07
80,341,932,integrate virtual schemas,1,2022-09-08 07:49:00
81,842,16,grow end-to-end interfaces,1,2019-07-20 14:58:58
82,547,26,repurpose interactive e-tailers,1,2013-05-20 07:32:27
83,487,460,engage rich interfaces,1,2012-11-03 20:50:17
84,733,661,utilize 24/7 convergence,1,2019-02-18 01:19:50
85,384,326,disintermediate integrated web-readiness,1,2014-01-31 11:42:55
86,825,703,reintermediate back-end technologies,1,2021-10-12 18:23:00
87,341,495,harness scalable infomediaries,0,2022-03-31 04:07:29
88,721,329,embrace robust content,1,2012-08-30 06:41:47
89,329,559,leverage frictionless initiatives,0,2016-10-27 18:15:57
90,488,99,cultivate user-centric systems,1,2015-05-14 07:37:01
91,845,28,engineer front-end solutions,1,2023-08-10 06:40:12
92,654,328,maximize back-end architectures,0,2023-09-24 21:35:45
93,28,258,utilize bricks-and-clicks supply-chains,1,2015-05-03 18:17:02
94,75,366,generate customized models,1,2019-06-09 01:01:01
95,797,551,facilitate revolutionary supply-chains,0,2015-06-20 02:22:04
96,387,734,enable synergistic communities,1,2022-02-04 08:56:20
97,926,474,matrix open-source eyeballs,1,2018-04-23 21:26:58
98,158,391,drive real-time platforms,0,2018-06-14 10:08:48
99,70,401,mesh leading-edge markets,0,2023-03-08 07:26:52
100,384,791,disintermediate scalable systems,0,2016-12-18 13:38:05
101,668,953,orchestrate turn-key deliverables,0,2019-06-11 02:53:44
102,959,576,target scalable functionalities,0,2024-02-04 06:01:55
103,365,572,repurpose seamless action-items,0,2023-08-19 20:46:11
104,370,355,aggregate value-added eyeballs,0,2018-04-27 01:24:09
105,623,504,transform clicks-and-mortar web services,1,2013-02-06 06:48:17
106,405,138,grow best-of-breed interfaces,1,2021-10-13 21:35:52
107,759,690,aggregate customized deliverables,0,2020-02-22 10:32:18
108,833,75,exploit efficient deliverables,1,2021-04-07 12:25:51
109,159,856,transition holistic e-markets,0,2024-02-05 01:14:09
110,981,419,extend leading-edge e-tailers,1,2022-12-09 18:20:15
111,919,587,morph strategic models,0,2021-03-01 08:51:32
112,761,255,e-enable seamless relationships,0,2016-01-22 10:13:57
113,773,472,engage visionary content,1,2015-12-05 09:32:43
114,285,680,matrix leading-edge users,0,2015-02-13 21:28:30
115,120,536,morph cross-media paradigms,1,2013-02-01 06:26:18
116,378,883,mesh best-of-breed bandwidth,0,2013-02-16 23:53:31
117,8,148,incentivize world-class ROI,0,2013-03-29 03:37:41
118,78,749,aggregate one-to-one markets,0,2012-12-21 10:19:52
119,274,440,whiteboard one-to-one initiatives,0,2023-09-24 22:04:27
120,280,560,engage interactive channels,0,2023-08-21 21:01:51
121,987,984,e-enable out-of-the-box eyeballs,0,2018-01-01 15:12:18
122,435,961,strategize global infomediaries,0,2022-11-04 21:13:30
123,311,266,harness virtual models,0,2012-09-15 03:01:24
124,974,504,benchmark world-class platforms,0,2017-05-16 14:02:55
125,31,928,grow mission-critical web-readiness,1,2016-08-01 15:48:04
126,598,897,strategize user-centric architectures,1,2013-02-23 05:24:10
127,564,53,enable mission-critical models,0,2014-02-22 05:02:33
128,178,320,envisioneer extensible mindshare,1,2016-02-02 08:32:45
129,194,425,orchestrate strategic initiatives,1,2011-07-05 22:59:55
130,297,296,architect seamless schemas,1,2016-11-22 00:33:02
131,643,763,unleash leading-edge initiatives,1,2015-04-21 09:49:05
132,550,898,transform interactive e-markets,0,2013-03-19 22:24:06
133,979,730,scale plug-and-play interfaces,0,2021-03-10 11:58:21
134,984,519,engage turn-key vortals,0,2020-08-01 16:24:32
135,684,919,reintermediate proactive interfaces,0,2017-11-25 20:04:17
136,401,175,innovate dot-com technologies,1,2019-05-04 18:03:24
137,604,371,facilitate 24/7 e-services,0,2018-07-27 06:43:20
138,782,993,engage dot-com networks,1,2022-01-01 00:06:59
139,375,787,morph frictionless methodologies,1,2020-07-18 23:16:19
140,977,227,engage bricks-and-clicks schemas,1,2017-10-20 10:15:58
141,711,757,engage sexy convergence,1,2020-08-01 15:11:52
142,225,694,strategize B2B synergies,1,2015-06-29 02:41:45
143,736,848,optimize holistic paradigms,0,2019-02-12 07:58:30
144,444,548,enhance sticky web-readiness,0,2011-04-14 02:52:05
145,223,708,iterate visionary partnerships,1,2023-06-25 02:24:31
146,213,647,exploit scalable relationships,1,2014-02-14 00:06:51
147,171,689,cultivate transparent e-commerce,1,2018-06-04 13:44:34
148,287,214,orchestrate killer functionalities,0,2014-07-21 14:36:26
149,214,769,exploit real-time technologies,1,2021-08-25 17:38:03
150,808,995,orchestrate innovative initiatives,0,2012-03-04 19:36:14
151,169,850,morph virtual vortals,1,2011-05-10 15:53:45
152,651,364,integrate e-business supply-chains,1,2021-03-08 18:23:29
153,979,333,revolutionize enterprise paradigms,0,2013-10-24 18:36:17
154,984,992,morph end-to-end infomediaries,0,2024-02-02 14:02:09
155,903,622,aggregate back-end schemas,0,2020-10-15 08:04:24
156,754,390,synergize revolutionary users,1,2024-02-18 20:40:17
157,95,1000,incubate holistic e-tailers,0,2022-05-15 01:47:10
158,104,592,matrix extensible interfaces,1,2013-09-23 11:54:40
159,834,356,enable vertical e-business,1,2012-06-19 02:14:23
160,699,217,brand holistic systems,1,2020-01-27 16:03:31
161,152,109,implement wireless paradigms,1,2018-04-03 18:24:51
162,151,248,repurpose end-to-end niches,1,2021-09-29 00:59:17
163,1,822,drive integrated solutions,1,2017-06-24 09:43:42
164,812,188,repurpose mission-critical action-items,0,2023-09-17 12:52:35
165,942,524,exploit vertical synergies,0,2012-05-23 06:51:50
166,952,586,reinvent synergistic e-business,0,2011-10-29 14:02:43
167,573,588,scale bricks-and-clicks e-services,1,2011-03-25 03:09:34
168,675,328,exploit one-to-one web-readiness,0,2018-10-27 13:47:51
169,246,920,extend seamless e-business,0,2016-03-24 16:07:40
170,596,272,orchestrate proactive supply-chains,1,2022-07-09 10:56:55
171,544,813,expedite synergistic partnerships,0,2018-04-04 15:02:45
172,864,515,empower innovative mindshare,0,2014-06-27 13:50:17
173,494,26,enhance e-business networks,1,2015-10-16 20:33:21
174,92,388,architect compelling communities,1,2015-12-31 14:06:39
175,2,305,benchmark ubiquitous convergence,0,2012-03-17 21:48:56
176,297,640,facilitate global architectures,1,2016-06-08 20:39:57
177,255,430,generate seamless ROI,0,2016-11-22 03:10:14
178,74,380,enhance bricks-and-clicks web services,1,2011-12-15 05:42:26
179,313,571,aggregate out-of-the-box applications,0,2016-10-06 19:54:46
180,372,444,iterate back-end platforms,0,2013-02-16 21:31:14
181,417,772,unleash intuitive portals,1,2020-12-29 21:03:19
182,201,259,whiteboard scalable experiences,0,2013-05-21 17:16:10
183,230,323,recontextualize plug-and-play systems,1,2021-09-30 15:50:56
184,908,405,recontextualize integrated e-services,1,2018-10-05 21:34:09
185,858,541,morph open-source mindshare,1,2016-10-27 02:26:41
186,359,224,envisioneer scalable portals,1,2017-02-03 19:13:48
187,950,525,utilize strategic paradigms,0,2015-09-15 23:14:01
188,136,291,whiteboard user-centric niches,1,2023-09-05 11:44:22
189,280,271,transform 24/7 schemas,0,2019-12-25 12:13:46
190,701,76,orchestrate real-time channels,0,2015-04-15 00:13:56
191,523,737,evolve synergistic systems,0,2018-10-16 08:30:06
192,796,658,brand real-time e-tailers,0,2018-03-12 20:03:29
193,83,988,extend leading-edge e-business,1,2016-12-28 14:26:41
194,695,551,implement seamless content,0,2014-08-14 18:59:28
195,986,342,scale user-centric deliverables,1,2018-02-04 01:36:58
196,689,690,incubate vertical e-services,1,2016-12-04 14:29:54
197,232,699,drive end-to-end users,1,2021-05-11 05:16:31
198,518,315,enable real-time schemas,1,2015-05-29 23:40:32
199,795,55,exploit 24/7 functionalities,0,2012-05-16 20:03:39
200,619,226,whiteboard out-of-the-box supply-chains,0,2023-10-31 22:59:17
201,899,460,facilitate impactful methodologies,1,2013-09-08 23:14:48
202,512,492,integrate front-end models,0,2017-10-26 13:43:48
203,753,652,brand web-enabled bandwidth,0,2015-12-16 01:56:28
204,121,482,utilize user-centric e-markets,0,2021-09-21 05:05:31
205,192,242,cultivate leading-edge systems,1,2014-04-04 00:01:59
206,90,41,iterate sticky web-readiness,1,2018-11-17 19:04:50
207,778,498,seize extensible markets,1,2022-01-16 18:29:02
208,308,737,recontextualize extensible convergence,1,2023-02-09 01:14:18
209,953,481,unleash 24/7 web services,1,2017-02-16 11:54:45
210,568,68,monetize robust supply-chains,0,2022-10-27 05:37:44
211,350,240,mesh strategic e-business,0,2017-07-13 23:14:53
212,858,17,aggregate holistic networks,0,2015-04-06 23:36:07
213,653,167,maximize wireless metrics,0,2017-02-17 04:35:22
214,648,721,generate seamless initiatives,0,2018-09-04 02:03:01
215,358,177,recontextualize frictionless synergies,0,2018-11-15 15:33:05
216,99,69,syndicate frictionless solutions,1,2021-06-13 23:27:33
217,116,793,extend scalable e-commerce,0,2011-03-06 20:54:56
218,96,235,morph cross-platform infomediaries,0,2023-09-28 13:58:59
219,604,587,cultivate scalable bandwidth,1,2014-09-29 15:05:07
220,546,833,strategize ubiquitous mindshare,0,2014-05-01 08:16:53
221,61,779,expedite innovative ROI,0,2013-03-31 04:40:27
222,98,769,aggregate distributed supply-chains,1,2012-08-02 03:25:56
223,690,124,generate revolutionary ROI,1,2017-11-26 01:51:46
224,871,523,incentivize vertical applications,1,2015-09-23 07:30:44
225,421,127,productize seamless methodologies,0,2012-02-28 06:01:18
226,700,275,architect open-source models,0,2012-01-22 11:37:30
227,312,761,matrix bricks-and-clicks e-tailers,1,2012-03-18 21:09:31
228,157,629,target B2C users,1,2011-01-15 22:03:58
229,340,171,harness next-generation channels,1,2013-06-25 09:42:25
230,118,447,visualize strategic vortals,0,2014-02-03 06:27:13
231,204,317,repurpose seamless eyeballs,1,2012-05-21 23:32:44
232,837,339,recontextualize seamless schemas,0,2014-08-18 01:45:56
233,726,173,enable e-business relationships,0,2017-05-16 15:40:08
234,247,78,maximize bricks-and-clicks applications,1,2017-06-02 15:13:03
235,860,268,matrix distributed infomediaries,1,2014-04-28 08:43:58
236,711,115,integrate sticky relationships,1,2013-05-15 00:26:24
237,184,912,envisioneer strategic partnerships,1,2018-11-02 21:24:28
238,716,434,drive vertical users,0,2013-05-05 17:38:10
239,161,25,facilitate holistic partnerships,0,2021-09-07 14:07:47
240,804,518,envisioneer 24/7 schemas,0,2013-05-30 17:30:56
241,592,282,incubate bleeding-edge bandwidth,1,2014-05-17 15:13:34
242,931,243,integrate out-of-the-box eyeballs,1,2017-05-21 20:14:49
243,929,716,benchmark wireless action-items,0,2021-08-08 09:26:07
244,284,289,utilize sticky supply-chains,1,2016-04-27 14:45:00
245,111,898,implement e-business eyeballs,0,2014-02-25 08:25:07
246,799,616,repurpose integrated supply-chains,0,2022-05-17 10:17:55
247,466,679,redefine efficient deliverables,1,2023-06-08 00:39:19
248,253,748,aggregate holistic infomediaries,0,2011-10-26 23:32:43
249,272,845,enhance strategic deliverables,1,2018-06-22 20:32:01
250,884,543,enable collaborative relationships,0,2016-11-08 17:24:44
251,514,215,enhance plug-and-play e-tailers,1,2023-04-27 00:08:41
252,221,737,embrace efficient ROI,0,2018-11-05 09:14:59
253,172,472,integrate bricks-and-clicks content,0,2011-02-28 12:16:02
254,201,852,repurpose real-time methodologies,0,2020-05-22 19:54:15
255,747,576,deploy real-time platforms,0,2012-10-12 06:46:28
256,429,188,enable strategic models,0,2019-06-17 05:43:47
257,499,428,embrace seamless users,1,2017-07-08 02:31:49
258,134,834,orchestrate scalable e-services,1,2021-02-04 00:06:21
259,149,55,generate granular networks,1,2016-11-14 23:22:20
260,748,907,synergize e-business relationships,1,2015-02-10 16:34:29
261,233,101,revolutionize visionary e-markets,0,2013-06-01 22:22:24
262,785,312,iterate visionary e-markets,0,2023-01-24 13:05:01
263,107,169,harness killer e-services,0,2013-12-14 15:53:13
264,586,987,enable scalable portals,1,2021-01-18 12:59:34
265,372,263,harness viral communities,1,2013-04-05 04:03:13
266,522,585,architect distributed e-tailers,1,2017-10-15 19:49:41
267,419,153,utilize viral communities,0,2014-04-06 13:33:02
268,472,36,optimize visionary e-business,0,2016-10-29 22:12:12
269,683,303,engage impactful technologies,0,2018-11-29 22:24:25
270,225,991,iterate sticky methodologies,0,2014-03-01 16:40:55
271,108,45,enhance cross-media e-business,1,2018-09-24 06:04:28
272,37,505,innovate real-time web services,1,2011-08-21 18:58:49
273,403,513,expedite wireless networks,0,2011-05-11 11:49:05
274,645,408,incubate revolutionary initiatives,0,2016-03-31 12:39:15
275,848,102,reinvent bleeding-edge channels,1,2011-09-15 05:10:15
276,812,427,synergize world-class e-business,0,2011-03-04 19:49:49
277,298,953,mesh world-class infrastructures,0,2017-04-26 02:09:34
278,756,431,syndicate B2C eyeballs,0,2015-01-26 06:16:37
279,303,158,integrate B2C experiences,0,2018-08-22 12:18:59
280,874,572,enhance ubiquitous initiatives,1,2017-08-26 15:23:03
281,552,940,matrix back-end interfaces,1,2015-08-17 05:56:55
282,83,716,enable customized e-business,1,2012-08-06 15:07:28
283,576,540,e-enable bleeding-edge web services,1,2018-04-16 02:48:36
284,964,370,mesh transparent experiences,0,2018-02-28 08:39:16
285,207,285,deliver user-centric networks,0,2020-07-26 14:40:42
286,862,710,visualize user-centric infrastructures,0,2020-08-05 14:27:53
287,262,992,enhance leading-edge niches,0,2017-08-29 21:14:00
288,8,951,matrix out-of-the-box channels,1,2011-01-19 02:25:36
289,401,844,empower next-generation mindshare,1,2017-12-11 18:51:30
290,271,135,transform 24/7 web-readiness,0,2018-05-24 00:02:13
291,268,980,disintermediate 24/7 applications,1,2022-10-06 10:53:20
292,16,633,brand dynamic methodologies,0,2014-08-04 00:30:36
293,1000,415,productize one-to-one solutions,0,2023-07-25 03:12:49
294,794,467,envisioneer plug-and-play channels,1,2019-12-24 04:09:28
295,403,832,unleash seamless niches,1,2014-10-23 04:18:55
296,762,885,utilize dynamic content,1,2011-02-20 07:56:28
297,954,162,enhance virtual content,1,2019-07-17 20:34:50
298,93,162,engineer dynamic action-items,0,2017-04-13 09:01:28
299,268,471,recontextualize sticky communities,0,2015-12-01 23:40:25
300,739,59,synergize plug-and-play web-readiness,0,2010-10-31 16:23:29
301,292,450,cultivate next-generation e-tailers,1,2020-08-30 09:32:56
302,451,961,productize sticky applications,0,2017-08-20 16:13:54
303,469,895,integrate 24/7 communities,1,2022-06-06 03:13:57
304,119,537,integrate web-enabled content,0,2014-04-30 17:46:23
305,609,161,matrix end-to-end partnerships,1,2021-05-29 17:50:22
306,832,106,incentivize vertical synergies,1,2022-04-29 15:13:29
307,690,974,deliver compelling platforms,1,2016-07-06 05:55:37
308,425,717,unleash transparent e-tailers,0,2016-04-25 12:42:52
309,654,613,enhance mission-critical systems,0,2018-06-15 18:31:37
310,887,261,visualize interactive models,1,2018-02-13 08:01:55
311,917,109,drive interactive bandwidth,0,2017-09-17 14:04:53
312,997,475,aggregate world-class models,1,2016-07-18 10:50:43
313,951,760,strategize out-of-the-box e-services,1,2022-11-16 21:10:15
314,652,786,productize revolutionary architectures,0,2012-06-16 03:15:57
315,125,198,deliver holistic convergence,0,2013-04-13 03:26:14
316,465,413,engineer next-generation e-business,1,2015-01-25 15:34:24
317,587,177,transition B2C applications,0,2021-08-16 19:17:03
318,813,519,transition distributed systems,1,2021-04-08 09:18:01
319,750,840,innovate enterprise vortals,1,2023-08-28 10:21:26
320,729,379,whiteboard sticky models,1,2012-10-11 22:18:39
321,701,620,synthesize open-source solutions,1,2020-07-26 00:44:57
322,749,151,transform back-end content,1,2014-08-14 14:17:36
323,600,204,syndicate customized users,1,2013-06-13 08:32:44
324,975,615,envisioneer strategic architectures,1,2018-09-01 20:22:54
325,255,543,brand cross-platform technologies,0,2018-11-29 15:07:57
326,678,811,leverage granular convergence,0,2017-03-04 16:15:20
327,959,181,envisioneer sticky eyeballs,0,2019-06-18 12:46:15
328,664,900,utilize revolutionary metrics,1,2023-01-09 10:34:54
329,438,941,generate end-to-end interfaces,1,2014-09-05 13:22:54
330,887,502,extend holistic platforms,1,2011-06-16 10:21:58
331,71,716,benchmark distributed content,0,2012-07-06 08:07:38
332,359,278,monetize leading-edge infrastructures,1,2012-10-12 08:33:11
333,720,918,architect innovative schemas,0,2012-12-12 21:38:08
334,431,403,architect out-of-the-box initiatives,1,2022-09-26 13:44:31
335,378,646,brand cross-media content,1,2022-03-23 17:22:31
336,602,482,enhance out-of-the-box architectures,1,2013-09-04 12:17:18
337,625,338,drive clicks-and-mortar convergence,0,2017-11-17 23:03:38
338,192,725,incentivize out-of-the-box applications,0,2018-03-13 16:57:06
339,935,573,streamline ubiquitous portals,0,2018-08-31 10:26:39
340,365,986,exploit customized web services,1,2015-04-20 09:15:21
341,700,103,revolutionize enterprise schemas,1,2021-08-02 11:50:37
342,126,963,matrix magnetic systems,1,2016-12-24 17:50:14
343,312,121,seize turn-key schemas,1,2012-04-05 17:57:43
344,490,219,implement one-to-one e-services,0,2018-08-04 16:56:26
345,321,715,enable next-generation applications,1,2023-09-01 06:02:11
346,474,12,whiteboard synergistic e-commerce,1,2012-05-13 15:48:33
347,620,825,matrix back-end schemas,1,2016-09-10 02:14:41
348,560,65,recontextualize plug-and-play e-markets,0,2020-04-19 09:06:47
349,652,276,generate e-business niches,0,2020-01-25 13:52:53
350,141,38,synthesize B2B functionalities,1,2012-10-28 19:29:23
351,62,179,mesh extensible infomediaries,0,2020-03-09 19:52:04
352,471,88,transition bricks-and-clicks partnerships,0,2013-11-14 01:14:49
353,853,501,empower visionary markets,0,2021-09-22 08:44:25
354,31,997,brand mission-critical relationships,0,2016-03-04 08:40:11
355,11,323,benchmark 24/365 ROI,1,2022-08-21 21:03:16
356,292,859,monetize open-source portals,1,2016-04-25 20:27:40
357,25,789,implement B2B methodologies,1,2020-06-12 04:50:28
358,198,245,synergize innovative e-commerce,0,2017-05-31 07:30:23
359,90,347,deliver 24/365 interfaces,0,2011-02-12 12:35:01
360,377,613,synthesize dynamic partnerships,1,2020-03-24 09:45:38
361,630,88,integrate world-class functionalities,0,2015-02-26 13:23:43
362,918,629,evolve e-business ROI,0,2015-12-21 17:12:35
363,46,598,envisioneer 24/365 communities,0,2014-06-18 04:45:01
364,880,683,seize value-added e-tailers,0,2016-02-11 23:00:09
365,952,446,recontextualize synergistic technologies,0,2016-04-14 19:22:39
366,713,844,extend intuitive e-services,0,2019-08-24 17:20:44
367,904,193,facilitate granular e-tailers,1,2013-07-20 18:45:56
368,957,500,facilitate viral synergies,0,2017-06-13 09:48:40
369,943,771,aggregate mission-critical applications,0,2020-07-05 16:37:26
370,382,201,evolve killer schemas,0,2020-05-15 05:04:33
371,154,668,architect bleeding-edge solutions,0,2023-08-20 21:35:44
372,670,596,disintermediate end-to-end mindshare,0,2013-07-08 22:46:31
373,557,845,leverage interactive functionalities,0,2020-09-02 05:02:22
374,584,946,target B2C technologies,0,2012-07-09 08:31:10
375,740,958,recontextualize real-time systems,1,2014-08-12 22:40:55
376,505,560,architect B2C e-services,0,2017-05-30 02:40:07
377,406,126,matrix bleeding-edge models,0,2013-10-26 10:14:41
378,853,571,unleash plug-and-play infrastructures,1,2023-01-11 00:14:37
379,285,872,leverage dot-com architectures,1,2019-08-06 10:23:56
380,114,937,deliver intuitive e-services,1,2020-10-03 14:59:21
381,12,800,synthesize viral niches,1,2014-01-23 20:42:07
382,418,425,deliver turn-key e-commerce,1,2020-04-28 07:09:01
383,391,162,embrace back-end convergence,0,2016-09-23 01:29:20
384,505,441,transition mission-critical partnerships,1,2017-03-26 05:34:06
385,667,792,engineer impactful initiatives,1,2014-11-29 22:39:36
386,755,132,integrate innovative platforms,0,2018-05-09 02:29:45
387,664,245,extend distributed systems,1,2018-10-23 23:33:42
388,517,324,evolve robust paradigms,0,2017-04-17 06:24:24
389,963,818,repurpose turn-key synergies,1,2013-08-15 20:26:32
390,886,938,morph customized functionalities,1,2014-03-25 00:58:42
391,466,71,mesh ubiquitous experiences,0,2015-04-23 23:58:13
392,941,754,disintermediate e-business partnerships,0,2012-03-05 22:00:51
393,209,941,monetize clicks-and-mortar relationships,1,2011-03-12 12:17:13
394,689,396,grow cutting-edge e-business,1,2016-09-03 19:04:40
395,293,11,expedite e-business deliverables,1,2017-10-02 10:27:11
396,9,344,unleash B2B action-items,1,2018-09-26 18:38:59
397,686,45,enhance frictionless platforms,0,2014-11-04 05:59:03
398,898,510,productize scalable schemas,0,2013-08-08 08:12:21
399,50,693,e-enable ubiquitous supply-chains,1,2015-12-24 12:53:54
400,16,920,streamline frictionless web-readiness,0,2023-11-30 13:54:28
401,100,617,enhance real-time niches,1,2018-07-15 09:42:50
402,173,737,optimize cross-media metrics,1,2011-07-05 08:15:18
403,653,721,reintermediate cross-platform e-tailers,1,2013-07-08 09:07:20
404,750,564,visualize interactive models,0,2020-05-04 22:44:42
405,368,897,iterate mission-critical mindshare,0,2021-04-06 04:30:05
406,507,912,unleash plug-and-play niches,0,2021-01-25 22:38:58
407,256,548,incentivize holistic bandwidth,1,2021-02-01 22:25:04
408,423,894,incentivize visionary markets,0,2017-07-08 20:39:13
409,744,860,incubate proactive e-services,0,2016-11-15 23:16:08
410,270,125,harness magnetic methodologies,1,2016-08-03 21:02:00
411,148,277,grow transparent vortals,1,2018-12-31 14:26:30
412,708,335,expedite 24/365 web services,0,2013-01-30 13:56:21
413,167,784,maximize best-of-breed solutions,0,2012-10-09 12:58:46
414,252,629,envisioneer wireless experiences,1,2018-02-12 04:14:03
415,412,107,redefine e-business paradigms,1,2020-04-02 04:21:15
416,465,223,evolve e-business technologies,1,2023-12-12 22:53:42
417,500,303,streamline turn-key partnerships,1,2020-01-15 04:26:27
418,412,784,recontextualize leading-edge web services,0,2021-05-09 15:45:09
419,480,881,revolutionize cross-platform ROI,1,2017-10-23 19:48:20
420,737,460,harness enterprise synergies,0,2017-10-19 09:37:29
421,847,514,whiteboard bleeding-edge e-markets,1,2024-01-28 02:19:16
422,172,318,expedite transparent partnerships,1,2020-12-20 04:11:00
423,728,337,enhance B2B communities,0,2010-10-21 01:04:00
424,927,564,redefine dynamic channels,1,2011-04-03 20:15:31
425,684,857,syndicate value-added supply-chains,0,2013-06-27 05:35:52
426,380,957,facilitate synergistic platforms,1,2011-05-27 21:37:29
427,813,976,enhance synergistic schemas,1,2017-07-12 09:48:46
428,28,359,architect B2B infrastructures,0,2021-04-01 17:12:45
429,598,818,enhance holistic users,0,2020-01-14 13:10:27
430,836,816,target dynamic architectures,1,2011-10-15 17:01:10
431,333,594,harness killer architectures,1,2017-02-03 02:09:03
432,344,732,matrix e-business e-business,0,2017-09-22 10:06:57
433,819,325,disintermediate innovative eyeballs,0,2011-02-09 00:08:23
434,61,686,reintermediate intuitive mindshare,0,2016-03-18 03:55:37
435,638,695,e-enable bleeding-edge functionalities,0,2013-10-16 11:22:45
436,919,38,integrate cutting-edge web-readiness,0,2017-07-14 17:44:18
437,723,115,repurpose global web services,1,2014-11-22 05:14:10
438,571,318,incentivize customized metrics,0,2017-10-06 01:36:41
439,379,374,enable e-business convergence,0,2013-11-09 06:12:42
440,813,709,strategize end-to-end web services,0,2018-02-08 07:20:11
441,56,878,maximize e-business e-tailers,1,2016-04-12 02:55:50
442,329,799,syndicate seamless vortals,1,2015-05-04 08:08:56
443,168,128,unleash front-end markets,0,2015-07-23 02:23:46
444,778,473,architect plug-and-play methodologies,1,2018-12-28 08:45:52
445,630,743,iterate e-business action-items,1,2012-07-17 17:16:24
446,557,538,redefine transparent infomediaries,0,2019-12-05 09:22:26
447,348,413,iterate granular architectures,0,2013-03-10 12:13:53
448,96,122,facilitate efficient schemas,0,2015-02-15 02:27:37
449,172,173,embrace value-added models,1,2016-11-29 04:00:54
450,893,806,whiteboard killer portals,0,2011-02-18 11:35:41
451,206,647,streamline dynamic web-readiness,0,2011-04-22 20:43:10
452,223,175,reintermediate bricks-and-clicks relationships,0,2018-01-09 20:35:41
453,626,657,synergize revolutionary communities,0,2023-04-29 16:06:03
454,233,997,evolve holistic e-business,0,2013-04-11 14:00:04
455,434,604,orchestrate enterprise action-items,0,2012-09-06 06:49:34
456,591,956,redefine 24/7 users,1,2024-01-03 19:59:18
457,653,456,incentivize front-end vortals,0,2013-08-13 23:08:54
458,45,316,incentivize wireless e-services,0,2010-11-11 10:25:58
459,987,359,reintermediate open-source bandwidth,0,2023-11-02 19:16:36
460,407,738,morph B2B schemas,0,2023-07-31 12:04:27
461,732,498,cultivate revolutionary action-items,1,2021-07-13 09:26:32
462,944,435,productize next-generation models,1,2015-03-16 18:37:55
463,835,894,e-enable virtual users,0,2018-02-21 05:47:40
464,367,503,harness sexy markets,0,2015-09-22 09:17:55
465,788,411,strategize vertical portals,0,2012-02-21 14:52:27
466,773,898,aggregate 24/7 e-services,0,2018-05-19 23:21:33
467,522,351,envisioneer bleeding-edge e-tailers,0,2019-09-02 17:35:08
468,362,578,mesh viral web-readiness,0,2014-08-29 12:46:20
469,881,888,enable bleeding-edge action-items,1,2011-09-20 16:51:13
470,523,785,reinvent intuitive web-readiness,0,2012-03-08 01:38:36
471,583,26,target cross-media channels,0,2022-10-13 12:22:23
472,212,373,evolve mission-critical deliverables,1,2021-05-09 06:18:39
473,983,33,reinvent front-end functionalities,0,2020-07-12 22:25:39
474,608,128,empower plug-and-play ROI,1,2012-03-19 03:47:24
475,503,664,matrix innovative e-markets,0,2022-03-12 14:07:09
476,550,670,visualize sexy users,1,2011-07-28 18:31:21
477,615,167,deploy seamless functionalities,0,2020-10-10 14:34:49
478,938,181,innovate holistic portals,0,2017-05-18 03:38:55
479,677,16,strategize visionary networks,0,2018-06-15 21:33:32
480,712,963,leverage user-centric experiences,0,2012-12-10 14:48:36
481,734,900,leverage bricks-and-clicks systems,1,2012-11-13 04:08:54
482,309,530,redefine strategic functionalities,0,2012-05-19 13:04:44
483,137,482,enable extensible systems,0,2016-05-30 08:21:58
484,883,905,transform seamless solutions,0,2012-06-23 09:20:25
485,614,308,generate synergistic methodologies,1,2017-08-24 03:07:19
486,514,624,streamline extensible e-markets,1,2011-04-18 16:48:02
487,82,146,monetize visionary synergies,0,2015-04-11 19:48:13
488,870,121,integrate 24/7 convergence,0,2017-03-12 05:58:21
489,447,866,engineer sticky eyeballs,1,2021-03-23 16:59:22
490,435,643,aggregate collaborative initiatives,1,2019-02-01 00:51:44
491,3,581,incentivize 24/7 bandwidth,0,2023-11-13 00:47:29
492,151,30,brand integrated bandwidth,0,2017-04-25 09:47:06
493,141,408,monetize enterprise functionalities,1,2019-08-10 17:26:42
494,379,356,extend frictionless synergies,1,2022-11-27 03:20:51
495,657,224,productize cross-platform paradigms,1,2021-10-19 01:53:40
496,92,775,unleash B2C niches,1,2011-04-14 13:35:43
497,679,50,mesh scalable paradigms,1,2022-08-15 03:31:57
498,287,515,e-enable cross-media partnerships,0,2023-04-30 15:31:58
499,798,125,drive ubiquitous web-readiness,0,2023-07-04 08:07:52
500,222,531,incentivize collaborative synergies,1,2015-09-19 03:44:52
501,466,821,brand killer networks,1,2010-12-26 22:11:11
502,356,597,empower strategic networks,0,2013-05-28 21:21:11
503,877,465,scale end-to-end relationships,0,2023-12-28 06:07:48
504,659,841,optimize interactive architectures,0,2023-10-09 02:33:34
505,340,948,maximize plug-and-play action-items,1,2019-10-22 06:17:16
506,66,237,harness cutting-edge infrastructures,0,2011-07-07 07:13:13
507,917,477,recontextualize interactive web-readiness,0,2018-08-11 15:09:23
508,976,104,monetize compelling relationships,1,2014-02-11 20:33:51
509,369,744,architect rich communities,0,2012-06-21 21:20:29
510,18,790,recontextualize B2C solutions,0,2020-11-25 22:03:40
511,327,121,transition cross-platform architectures,1,2011-02-22 06:45:37
512,220,708,implement strategic functionalities,0,2019-10-03 12:09:58
513,969,679,implement efficient e-commerce,0,2012-01-15 22:06:46
514,892,456,target virtual solutions,0,2018-06-18 10:58:15
515,874,11,innovate end-to-end interfaces,1,2012-04-07 07:13:47
516,565,457,incubate web-enabled deliverables,0,2017-09-12 08:45:40
517,200,718,iterate turn-key users,1,2011-05-05 19:48:41
518,915,773,enhance compelling e-markets,0,2012-03-22 10:36:52
519,875,250,utilize plug-and-play mindshare,0,2022-12-15 21:11:55
520,610,258,redefine dynamic relationships,1,2013-09-04 17:12:59
521,567,731,transition robust vortals,0,2018-02-09 15:02:53
522,342,531,orchestrate global deliverables,0,2018-07-18 10:53:32
523,878,494,repurpose rich networks,1,2018-10-24 02:46:46
524,971,600,aggregate granular bandwidth,1,2011-07-16 21:20:45
525,927,906,engineer turn-key ROI,0,2014-12-19 19:51:09
526,644,141,empower dot-com niches,0,2024-02-16 06:41:23
527,984,923,strategize out-of-the-box networks,0,2023-10-02 02:39:49
528,372,142,brand robust bandwidth,0,2020-06-18 00:05:06
529,816,22,aggregate customized supply-chains,1,2023-10-29 11:54:19
530,7,134,transform end-to-end e-business,1,2017-05-10 12:45:17
531,905,613,revolutionize 24/365 bandwidth,0,2014-01-05 09:51:08
532,627,193,grow robust solutions,0,2021-10-17 00:37:01
533,765,740,aggregate turn-key users,0,2012-07-12 20:05:23
534,320,72,revolutionize proactive eyeballs,0,2020-01-30 16:40:05
535,130,383,seize scalable functionalities,1,2023-02-18 03:59:02
536,952,870,revolutionize web-enabled networks,0,2018-07-30 13:52:01
537,305,541,expedite 24/365 functionalities,0,2021-07-23 11:13:57
538,6,504,synergize holistic ROI,1,2020-09-25 20:08:34
539,282,23,expedite turn-key e-commerce,1,2011-09-29 11:52:13
540,331,436,morph 24/365 e-services,0,2012-09-23 06:35:31
541,780,118,streamline ubiquitous systems,1,2020-02-27 05:34:24
542,181,431,innovate clicks-and-mortar functionalities,1,2021-07-21 02:48:11
543,804,322,revolutionize best-of-breed interfaces,0,2022-08-28 05:10:47
544,75,359,incentivize cross-media e-services,0,2015-10-11 20:31:08
545,318,242,integrate magnetic experiences,0,2023-10-26 13:03:00
546,974,362,reintermediate vertical e-commerce,1,2022-11-27 13:31:05
547,493,641,drive one-to-one networks,0,2017-01-05 22:18:23
548,764,988,mesh sticky paradigms,1,2022-08-06 11:35:44
549,284,428,extend sticky web services,1,2011-10-16 18:50:06
550,483,12,iterate clicks-and-mortar action-items,0,2020-05-01 08:46:44
551,602,331,disintermediate compelling infomediaries,0,2021-10-12 20:18:15
552,787,650,implement cross-media communities,0,2021-07-05 17:20:55
553,660,259,syndicate 24/365 partnerships,0,2015-06-24 09:56:29
554,454,222,streamline cross-platform communities,0,2013-02-01 07:21:02
555,28,943,generate out-of-the-box deliverables,1,2018-12-06 08:14:23
556,898,621,cultivate transparent communities,0,2016-08-02 08:40:03
557,633,511,harness virtual experiences,1,2015-10-20 11:19:10
558,183,889,syndicate vertical vortals,1,2012-10-08 16:29:16
559,184,137,matrix best-of-breed web services,0,2021-10-02 01:41:17
560,165,250,aggregate one-to-one deliverables,1,2011-09-06 00:23:02
561,925,914,deliver out-of-the-box communities,0,2023-09-10 23:02:41
562,170,720,strategize distributed mindshare,0,2017-10-25 11:10:39
563,676,591,syndicate user-centric deliverables,0,2011-03-23 07:50:31
564,345,846,scale cross-media convergence,0,2022-02-28 21:42:16
565,444,549,synergize impactful solutions,0,2010-10-14 16:38:09
566,459,62,leverage turn-key schemas,0,2011-02-25 21:32:06
567,399,410,orchestrate global users,1,2014-08-18 00:39:00
568,383,922,utilize 24/7 vortals,0,2015-03-23 10:09:59
569,274,351,incubate bricks-and-clicks e-commerce,1,2022-11-21 04:26:13
570,827,792,repurpose dot-com niches,0,2021-02-13 13:44:24
571,145,95,e-enable innovative vortals,0,2014-03-16 21:10:25
572,383,106,whiteboard wireless e-markets,1,2020-01-21 00:19:32
573,278,465,deploy dot-com convergence,0,2011-07-01 11:16:37
574,436,623,utilize granular synergies,1,2011-11-02 02:18:57
575,828,996,aggregate plug-and-play niches,1,2023-06-05 15:24:19
576,269,104,utilize global metrics,1,2018-08-14 08:26:45
577,386,223,transform one-to-one synergies,0,2023-03-03 01:00:17
578,861,24,orchestrate value-added applications,0,2022-05-03 05:43:56
579,10,645,embrace visionary partnerships,1,2023-04-09 01:35:14
580,396,178,integrate cutting-edge applications,0,2018-08-02 16:15:39
581,705,387,exploit impactful communities,0,2013-02-16 18:22:52
582,176,170,integrate enterprise technologies,0,2017-02-15 15:15:23
583,164,760,utilize compelling web services,1,2017-10-12 03:30:05
584,727,250,streamline value-added architectures,1,2020-03-05 07:42:52
585,147,840,orchestrate interactive metrics,0,2017-09-06 03:00:39
586,49,750,matrix granular ROI,1,2010-12-19 13:52:49
587,742,843,synthesize collaborative architectures,0,2019-08-23 12:21:56
588,579,397,deliver leading-edge applications,0,2014-11-08 18:03:20
589,803,335,implement interactive eyeballs,0,2023-11-08 03:00:42
590,510,893,embrace web-enabled users,1,2019-03-25 10:11:24
591,783,586,revolutionize value-added initiatives,1,2010-11-06 19:24:47
592,128,480,mesh rich infrastructures,0,2023-04-21 08:05:11
593,199,637,exploit cross-platform synergies,1,2021-11-27 11:51:19
594,129,15,engage frictionless web services,0,2011-07-28 20:11:03
595,463,704,repurpose bleeding-edge applications,0,2017-06-20 10:19:18
596,946,96,synergize global channels,1,2022-06-03 16:28:05
597,193,138,exploit strategic systems,0,2019-03-23 03:24:43
598,300,729,monetize 24/7 networks,0,2013-10-01 10:30:46
599,17,22,utilize global applications,0,2023-01-08 02:10:47
600,496,575,exploit plug-and-play initiatives,0,2017-11-09 06:23:47
601,91,734,repurpose plug-and-play infrastructures,0,2019-11-03 16:38:41
602,207,109,cultivate scalable experiences,0,2015-04-06 21:17:30
603,419,9,engage end-to-end users,1,2011-12-15 17:14:48
604,732,203,incentivize clicks-and-mortar markets,1,2021-05-16 09:55:52
605,659,576,benchmark clicks-and-mortar communities,0,2012-07-27 10:10:04
606,573,508,transition real-time convergence,0,2023-12-01 12:02:28
607,683,293,leverage collaborative supply-chains,1,2010-11-21 23:51:45
608,29,429,incentivize world-class mindshare,0,2014-11-16 01:47:13
609,524,128,evolve open-source eyeballs,1,2022-02-12 12:44:16
610,83,965,empower vertical schemas,1,2021-04-19 07:16:21
611,58,325,enhance bleeding-edge solutions,1,2014-10-24 08:58:26
612,283,180,cultivate viral models,1,2019-12-12 17:03:08
613,852,818,iterate sticky paradigms,1,2013-06-15 10:14:27
614,471,953,harness distributed action-items,0,2021-01-25 06:33:33
615,875,220,drive magnetic mindshare,0,2022-04-03 21:56:40
616,991,304,deliver interactive models,0,2020-03-04 18:29:49
617,458,297,embrace synergistic relationships,0,2015-08-01 07:20:17
618,970,781,seize value-added initiatives,1,2012-08-10 09:51:18
619,870,748,evolve collaborative e-commerce,0,2013-12-15 06:42:51
620,850,697,synergize synergistic users,0,2022-05-10 07:07:41
621,316,669,iterate web-enabled technologies,0,2022-10-31 16:43:42
622,390,71,drive sexy portals,0,2015-07-11 08:06:36
623,542,988,synthesize plug-and-play ROI,0,2013-11-19 15:51:24
624,222,202,recontextualize cutting-edge web-readiness,0,2014-05-25 01:29:08
625,216,170,optimize dynamic schemas,0,2010-11-06 21:53:29
626,365,225,envisioneer holistic partnerships,1,2020-05-28 22:07:22
627,969,634,e-enable cross-media mindshare,1,2021-06-22 05:48:35
628,820,324,envisioneer sexy channels,0,2020-07-31 05:14:59
629,337,24,enhance ubiquitous synergies,1,2013-05-24 07:22:34
630,853,501,facilitate sexy infrastructures,1,2021-03-09 20:21:13
631,92,886,monetize 24/365 communities,1,2013-12-27 17:37:22
632,401,919,engage ubiquitous niches,1,2020-08-23 06:23:34
633,158,802,facilitate next-generation e-business,1,2013-05-13 18:11:16
634,716,879,revolutionize 24/365 methodologies,0,2010-10-07 22:09:17
635,107,54,embrace open-source synergies,1,2011-01-18 15:47:43
636,24,702,generate global supply-chains,1,2021-09-21 22:00:31
637,133,752,exploit plug-and-play deliverables,0,2022-10-15 09:26:35
638,810,852,mesh holistic bandwidth,0,2016-10-15 05:36:54
639,434,994,transform seamless e-markets,1,2020-11-13 04:36:03
640,367,866,facilitate dot-com content,1,2022-11-08 03:33:25
641,901,566,streamline frictionless platforms,0,2013-09-26 06:38:28
642,226,595,mesh leading-edge initiatives,1,2023-07-20 22:18:31
643,162,726,strategize holistic metrics,1,2018-01-16 12:07:41
644,135,221,aggregate innovative content,0,2022-12-06 10:56:35
645,639,241,brand holistic applications,1,2021-07-06 21:18:35
646,136,345,recontextualize visionary convergence,1,2018-06-05 00:11:13
647,514,714,enhance virtual initiatives,0,2015-04-10 23:10:12
648,601,477,benchmark back-end methodologies,1,2013-03-16 20:05:55
649,920,989,synergize virtual systems,1,2019-02-20 04:38:10
650,472,555,e-enable sexy infrastructures,0,2017-10-16 23:15:50
651,76,258,reintermediate strategic infomediaries,1,2015-07-16 20:23:28
652,818,731,redefine viral infomediaries,1,2016-03-08 16:48:51
653,405,156,strategize dot-com experiences,1,2018-07-25 05:31:38
654,615,459,drive revolutionary ROI,0,2022-11-15 17:31:57
655,620,927,monetize mission-critical content,0,2014-02-27 13:13:01
656,224,197,brand intuitive synergies,1,2017-09-04 08:47:00
657,539,829,implement sticky partnerships,1,2020-09-30 10:17:44
658,223,170,optimize robust supply-chains,0,2017-08-19 11:57:44
659,708,391,embrace sexy infrastructures,0,2012-12-23 13:37:45
660,852,859,aggregate end-to-end interfaces,1,2013-09-04 18:47:05
661,261,955,evolve cross-platform models,0,2016-07-29 02:36:46
662,710,204,transition ubiquitous models,1,2020-04-21 23:01:31
663,826,825,aggregate global synergies,0,2021-02-16 21:14:39
664,812,49,reinvent interactive action-items,0,2019-01-29 12:27:20
665,327,722,empower cross-media partnerships,0,2019-02-18 08:06:57
666,378,436,scale frictionless metrics,1,2023-07-22 18:53:50
667,92,418,facilitate web-enabled niches,1,2020-06-02 10:20:08
668,36,107,aggregate seamless communities,1,2012-07-11 19:40:08
669,986,686,expedite 24/7 methodologies,0,2016-09-24 21:57:19
670,821,43,enable mission-critical bandwidth,0,2016-07-11 20:20:10
671,530,633,repurpose interactive technologies,0,2015-05-20 01:09:45
672,473,362,target one-to-one action-items,0,2017-08-14 00:15:09
673,289,650,empower virtual technologies,1,2018-08-23 22:09:41
674,757,253,synthesize next-generation schemas,1,2017-07-05 04:32:09
675,694,179,redefine wireless mindshare,0,2016-03-04 10:52:42
676,702,548,facilitate rich architectures,1,2015-12-01 15:22:34
677,711,288,generate wireless niches,0,2022-08-10 08:36:55
678,359,266,synergize 24/7 convergence,1,2011-08-01 22:41:53
679,136,303,embrace cutting-edge relationships,1,2012-01-18 08:21:07
680,362,406,harness cutting-edge relationships,0,2021-01-03 22:13:31
681,158,66,revolutionize bleeding-edge initiatives,0,2013-07-29 21:06:24
682,860,721,transform clicks-and-mortar technologies,0,2020-03-28 07:25:09
683,658,751,enable user-centric bandwidth,0,2015-08-25 10:26:18
684,76,143,deploy customized portals,1,2018-08-08 13:07:52
685,228,530,scale virtual models,1,2018-09-18 00:34:00
686,607,288,generate integrated metrics,1,2012-09-19 19:40:24
687,546,369,transition granular platforms,1,2016-07-07 08:06:21
688,738,69,deliver vertical e-business,0,2019-03-22 15:07:37
689,929,588,reintermediate cross-platform metrics,1,2020-11-09 18:46:03
690,650,684,redefine holistic models,1,2018-01-16 05:31:43
691,873,648,incubate real-time communities,0,2014-02-04 15:31:49
692,555,708,optimize dynamic models,1,2019-09-17 22:53:01
693,328,12,monetize collaborative synergies,0,2017-08-20 16:27:13
694,887,698,monetize web-enabled markets,0,2012-01-16 17:37:49
695,12,601,repurpose distributed technologies,0,2017-09-03 15:48:09
696,483,612,generate vertical interfaces,1,2022-01-14 18:26:16
697,498,454,strategize integrated web services,0,2013-10-12 04:17:50
698,878,646,engineer next-generation bandwidth,0,2021-07-14 19:32:41
699,255,719,grow e-business methodologies,0,2022-11-27 16:05:06
700,863,276,incentivize granular systems,0,2023-11-01 11:46:57
701,98,313,strategize mission-critical bandwidth,0,2017-04-21 08:16:37
702,150,401,revolutionize sticky metrics,0,2011-06-22 08:53:09
703,519,203,streamline front-end networks,0,2018-03-17 18:29:11
704,747,160,transition visionary relationships,1,2018-01-06 12:32:40
705,608,459,deliver open-source e-commerce,1,2016-07-04 18:47:05
706,949,603,synergize sexy platforms,1,2013-07-29 04:07:42
707,871,601,integrate user-centric deliverables,1,2013-09-21 16:38:57
708,929,770,strategize holistic infomediaries,0,2014-05-24 12:47:35
709,179,23,empower one-to-one methodologies,1,2022-10-14 23:28:27
710,707,792,integrate integrated users,0,2022-10-31 04:37:02
711,575,500,enhance 24/7 web-readiness,1,2023-05-31 11:21:44
712,465,778,leverage web-enabled initiatives,1,2011-04-25 17:29:13
713,560,247,disintermediate back-end markets,0,2020-05-23 02:26:07
714,206,909,aggregate proactive content,0,2017-02-04 10:50:07
715,653,43,facilitate frictionless portals,1,2011-12-09 19:08:08
716,318,214,redefine holistic content,0,2016-03-14 13:11:57
717,735,5,reinvent web-enabled networks,1,2016-02-29 03:56:41
718,520,73,utilize wireless networks,0,2023-08-27 19:34:35
719,575,655,transform out-of-the-box e-markets,1,2016-11-19 12:16:41
720,833,313,cultivate integrated initiatives,1,2011-11-06 07:30:48
721,721,367,optimize impactful convergence,0,2020-04-21 04:30:51
722,414,521,deploy compelling synergies,0,2020-12-17 23:17:55
723,231,800,extend intuitive e-tailers,1,2015-08-21 08:32:22
724,554,35,innovate next-generation ROI,1,2017-10-08 04:54:25
725,127,418,exploit compelling metrics,0,2011-04-29 19:54:53
726,742,401,brand next-generation web services,1,2019-04-05 13:59:35
727,90,161,expedite robust synergies,1,2013-04-19 05:53:18
728,271,85,embrace e-business mindshare,1,2022-03-23 16:41:08
729,153,244,expedite sexy action-items,1,2014-10-03 16:53:48
730,452,631,scale seamless markets,1,2020-01-22 04:46:17
731,251,877,cultivate cross-media e-services,0,2016-10-17 15:00:45
732,308,927,cultivate collaborative experiences,0,2022-03-03 20:09:03
733,676,664,benchmark best-of-breed infrastructures,1,2019-07-16 01:24:55
734,767,575,empower proactive niches,0,2016-09-20 19:36:37
735,463,705,incentivize frictionless e-commerce,1,2023-03-02 11:04:21
736,163,690,redefine visionary portals,1,2023-11-11 01:58:39
737,31,588,incubate impactful portals,1,2014-05-04 12:43:57
738,902,755,strategize 24/365 methodologies,0,2021-09-23 00:42:31
739,180,524,transition best-of-breed vortals,1,2018-11-07 20:58:53
740,296,775,visualize global e-tailers,0,2020-11-21 05:34:03
741,455,889,benchmark granular architectures,1,2020-08-17 07:54:54
742,438,89,grow impactful architectures,0,2011-04-07 05:14:45
743,581,64,monetize B2C paradigms,1,2013-01-29 20:44:54
744,339,910,redefine clicks-and-mortar communities,0,2013-06-20 11:17:59
745,206,989,engineer intuitive paradigms,0,2011-07-29 17:37:47
746,156,32,monetize open-source methodologies,1,2016-09-25 10:44:04
747,469,463,repurpose granular convergence,1,2011-10-28 23:53:00
748,258,33,productize mission-critical e-markets,1,2020-06-30 12:12:36
749,310,790,synthesize killer systems,0,2018-05-29 15:52:00
750,419,789,maximize leading-edge supply-chains,1,2017-07-20 02:14:51
751,104,189,exploit extensible networks,0,2020-01-17 23:05:04
752,261,16,productize innovative e-tailers,1,2016-04-30 05:28:03
753,592,59,expedite intuitive web services,1,2019-01-16 23:09:44
754,473,163,deliver compelling e-commerce,0,2012-12-17 21:52:43
755,503,96,transform impactful communities,0,2013-03-25 14:53:47
756,967,41,productize innovative bandwidth,0,2021-01-24 17:30:23
757,843,951,enable granular web services,0,2022-08-20 08:45:26
758,454,371,engineer real-time functionalities,0,2013-03-29 11:10:33
759,47,893,iterate integrated vortals,1,2010-12-13 13:56:14
760,816,915,extend vertical experiences,0,2019-07-24 02:43:11
761,135,369,reinvent user-centric supply-chains,1,2019-01-04 15:10:11
762,311,224,utilize B2C markets,0,2014-05-08 04:12:04
763,490,271,extend clicks-and-mortar niches,0,2022-12-18 03:28:40
764,809,350,transform rich eyeballs,1,2021-10-13 11:17:43
765,382,557,engineer real-time e-markets,0,2018-03-10 04:37:21
766,164,966,integrate cutting-edge initiatives,0,2023-07-02 07:09:22
767,881,965,evolve clicks-and-mortar initiatives,1,2015-11-04 17:21:23
768,464,647,disintermediate cross-media vortals,1,2012-09-29 02:28:12
769,433,666,envisioneer revolutionary supply-chains,0,2017-09-07 22:54:25
770,434,623,strategize proactive networks,1,2015-07-09 04:21:15
771,431,890,enable open-source markets,1,2021-05-12 09:44:28
772,150,757,extend granular mindshare,1,2020-07-04 02:40:09
773,554,214,strategize cross-platform deliverables,0,2016-11-24 04:11:36
774,104,936,generate robust mindshare,0,2023-08-20 22:07:50
775,956,777,integrate innovative action-items,1,2022-12-04 00:58:34
776,856,595,disintermediate plug-and-play methodologies,0,2012-04-23 19:04:11
777,910,287,whiteboard plug-and-play infrastructures,0,2013-10-25 03:19:15
778,577,136,matrix scalable e-tailers,0,2019-01-09 03:23:16
779,777,115,target interactive e-services,1,2015-01-10 11:22:33
780,182,351,revolutionize innovative functionalities,1,2012-09-19 11:21:02
781,462,802,synergize virtual e-markets,0,2019-06-16 16:51:10
782,246,211,architect value-added markets,1,2012-11-18 23:16:10
783,969,984,architect impactful systems,0,2011-12-23 15:32:19
784,458,179,grow intuitive partnerships,0,2016-03-23 09:57:22
785,536,32,reintermediate enterprise systems,1,2011-02-22 07:41:46
786,144,138,matrix mission-critical e-commerce,0,2013-02-25 20:52:13
787,900,772,empower plug-and-play paradigms,0,2011-07-19 18:20:34
788,691,681,benchmark vertical methodologies,1,2021-08-14 01:50:27
789,986,69,e-enable bricks-and-clicks vortals,0,2017-05-29 04:26:39
790,818,118,visualize 24/365 portals,1,2019-10-17 02:33:25
791,690,180,synthesize customized methodologies,0,2021-01-17 17:57:40
792,892,225,implement granular experiences,0,2019-01-08 08:55:15
793,253,755,enhance turn-key platforms,1,2017-02-02 23:52:04
794,544,468,harness viral interfaces,1,2023-08-22 21:55:18
795,975,721,synergize real-time communities,0,2016-09-13 22:13:20
796,742,648,evolve end-to-end e-markets,1,2021-04-17 10:48:41
797,448,342,syndicate transparent e-tailers,0,2024-02-01 00:17:23
798,415,433,implement dot-com communities,1,2020-11-01 04:32:37
799,940,339,repurpose scalable platforms,0,2022-07-18 08:42:54
800,120,854,envisioneer viral users,1,2021-08-16 01:58:16
801,399,106,orchestrate real-time eyeballs,0,2023-03-24 21:59:58
802,266,30,unleash out-of-the-box initiatives,0,2011-05-08 17:04:59
803,897,956,morph dot-com experiences,1,2023-11-04 20:21:41
804,976,449,unleash viral infrastructures,0,2016-01-01 08:56:55
805,783,635,revolutionize mission-critical networks,1,2020-03-24 10:05:33
806,998,994,iterate out-of-the-box functionalities,0,2022-08-17 10:26:07
807,1,726,benchmark mission-critical vortals,0,2013-07-28 14:41:11
808,631,204,target real-time portals,0,2013-10-07 23:51:25
809,290,962,maximize innovative action-items,0,2023-09-21 12:14:01
810,716,644,transition sticky users,1,2021-10-26 23:08:02
811,153,49,deliver enterprise action-items,1,2011-07-08 18:39:02
812,1000,823,enhance open-source eyeballs,1,2011-01-24 01:01:40
813,123,817,incentivize best-of-breed metrics,1,2011-06-06 00:44:40
814,783,414,aggregate innovative communities,0,2020-08-03 20:31:37
815,536,83,leverage transparent web-readiness,1,2013-05-23 09:50:32
816,702,295,enhance extensible technologies,0,2021-03-12 00:52:59
817,947,580,facilitate compelling e-markets,1,2012-09-12 05:40:43
818,49,120,harness bricks-and-clicks initiatives,0,2015-10-13 10:56:16
819,700,477,scale bricks-and-clicks bandwidth,1,2012-10-29 22:47:30
820,72,508,scale 24/7 markets,0,2023-08-18 13:35:48
821,867,217,redefine compelling experiences,1,2021-09-12 17:57:22
822,619,114,aggregate enterprise relationships,1,2012-02-04 19:58:56
823,312,295,benchmark sticky platforms,0,2017-01-10 14:19:10
824,901,554,deliver cutting-edge communities,0,2019-11-27 11:05:57
825,141,122,recontextualize bleeding-edge users,0,2020-06-08 07:37:47
826,317,673,transition clicks-and-mortar portals,1,2011-07-04 08:39:37
827,67,757,extend back-end bandwidth,0,2011-03-19 03:24:44
828,365,176,streamline transparent e-services,0,2014-01-21 08:54:21
829,705,649,harness wireless solutions,1,2021-10-01 07:48:48
830,271,192,facilitate 24/7 e-commerce,1,2014-07-05 12:52:48
831,961,45,engineer 24/7 e-tailers,0,2015-11-02 11:51:51
832,160,609,maximize interactive interfaces,0,2019-05-12 09:58:00
833,525,954,iterate user-centric paradigms,0,2012-06-26 06:24:59
834,757,554,mesh end-to-end e-services,1,2014-12-31 02:37:23
835,912,336,leverage integrated vortals,0,2011-04-21 12:29:26
836,318,738,generate sexy web services,1,2011-11-05 08:27:13
837,312,331,implement visionary eyeballs,0,2018-04-25 07:20:00
838,709,409,visualize revolutionary networks,1,2015-01-02 23:34:24
839,609,40,enable intuitive experiences,0,2015-06-17 17:15:05
840,244,83,synthesize plug-and-play partnerships,0,2015-10-23 08:37:10
841,118,622,aggregate mission-critical mindshare,1,2018-10-06 06:48:53
842,241,96,monetize innovative users,1,2012-08-14 04:41:59
843,355,442,whiteboard viral portals,1,2012-05-05 18:14:32
844,701,422,streamline scalable platforms,1,2014-01-05 08:57:17
845,632,940,iterate user-centric markets,0,2018-01-14 09:45:51
846,192,793,optimize virtual content,1,2010-10-20 13:31:35
847,452,159,deliver cross-platform e-tailers,1,2016-02-14 23:20:54
848,713,837,seize impactful platforms,1,2013-12-18 06:55:54
849,424,712,envisioneer efficient metrics,1,2017-11-19 08:50:04
850,577,305,e-enable global channels,1,2019-05-04 14:00:00
851,673,80,e-enable out-of-the-box supply-chains,0,2013-05-11 11:32:17
852,468,721,drive B2C schemas,0,2010-10-25 16:41:28
853,232,21,orchestrate 24/365 vortals,0,2022-12-01 07:53:08
854,259,920,redefine interactive mindshare,1,2012-09-25 02:53:54
855,36,246,engage dot-com channels,1,2022-07-13 14:26:15
856,600,656,leverage 24/365 synergies,0,2016-10-10 07:24:42
857,854,663,expedite back-end e-commerce,1,2013-05-10 13:01:43
858,101,651,incentivize vertical experiences,0,2016-01-22 18:49:18
859,580,928,grow front-end infomediaries,0,2022-12-09 16:43:12
860,60,84,disintermediate out-of-the-box e-business,0,2022-03-07 16:33:42
861,884,267,enhance synergistic channels,0,2021-03-15 17:56:18
862,159,116,streamline ubiquitous e-tailers,1,2019-09-04 13:32:09
863,810,949,iterate plug-and-play initiatives,0,2017-09-10 09:05:13
864,959,635,whiteboard robust systems,0,2021-10-27 19:50:58
865,426,691,transform bleeding-edge bandwidth,1,2016-02-24 19:59:20
866,129,455,aggregate mission-critical methodologies,1,2016-01-07 09:39:48
867,100,481,utilize customized networks,0,2021-11-22 00:48:30
868,919,75,monetize 24/365 systems,1,2022-01-02 11:16:53
869,946,682,streamline sticky metrics,0,2012-07-23 20:16:26
870,213,328,reintermediate scalable initiatives,0,2023-03-06 21:11:16
871,773,83,embrace plug-and-play architectures,1,2017-10-27 21:22:18
872,917,717,engage scalable experiences,0,2017-02-05 08:15:28
873,10,400,drive visionary e-tailers,1,2017-05-16 11:08:44
874,186,50,morph 24/7 schemas,1,2018-02-19 03:43:05
875,773,712,integrate B2B platforms,0,2015-12-09 23:43:46
876,615,717,deploy dynamic markets,1,2023-06-21 17:35:52
877,864,566,matrix e-business e-tailers,0,2021-01-20 11:08:55
878,666,97,deliver wireless mindshare,1,2019-08-01 23:43:34
879,974,370,disintermediate interactive infomediaries,1,2016-04-16 14:38:41
880,703,644,streamline value-added models,1,2013-04-15 01:25:29
881,362,700,exploit enterprise portals,1,2017-11-10 11:47:58
882,672,604,innovate B2C markets,1,2012-08-09 01:02:26
883,708,561,whiteboard customized infrastructures,0,2022-11-17 08:02:33
884,494,747,orchestrate visionary e-services,1,2017-10-15 11:03:37
885,437,562,generate web-enabled web-readiness,0,2020-12-02 14:30:47
886,787,623,target clicks-and-mortar technologies,0,2012-05-27 08:42:23
887,583,285,architect real-time systems,0,2023-05-25 19:31:53
888,365,842,architect holistic solutions,1,2014-04-09 16:29:19
889,735,640,utilize ubiquitous bandwidth,0,2016-05-02 23:47:12
890,439,132,iterate bricks-and-clicks e-business,1,2023-12-18 09:27:06
891,384,981,orchestrate frictionless initiatives,0,2021-10-08 03:49:39
892,852,618,recontextualize 24/7 networks,1,2012-10-25 22:11:16
893,515,943,harness real-time e-services,0,2018-07-28 00:33:17
894,903,781,productize holistic bandwidth,1,2014-09-23 14:15:19
895,308,873,aggregate holistic partnerships,1,2015-06-10 00:57:52
896,953,317,seize dot-com schemas,1,2022-03-16 18:43:50
897,591,886,integrate sexy supply-chains,0,2017-07-16 22:52:58
898,356,158,synthesize granular models,0,2012-12-17 11:51:25
899,384,27,unleash wireless applications,0,2015-06-10 10:57:32
900,392,284,visualize ubiquitous infomediaries,1,2012-07-12 01:41:14
901,590,904,disintermediate open-source supply-chains,1,2018-10-05 00:49:02
902,952,923,innovate ubiquitous platforms,0,2013-01-26 19:05:36
903,896,634,streamline end-to-end initiatives,1,2012-02-19 08:19:22
904,534,963,extend vertical e-commerce,0,2018-08-15 03:29:38
905,523,772,cultivate next-generation initiatives,0,2020-04-17 01:00:55
906,9,384,strategize seamless supply-chains,0,2016-12-07 23:15:55
907,873,391,recontextualize efficient content,0,2014-12-20 22:29:19
908,914,250,brand e-business e-markets,1,2017-11-02 10:00:37
909,13,105,streamline sexy applications,0,2015-11-26 06:22:08
910,165,259,deploy plug-and-play initiatives,0,2021-09-16 14:40:47
911,830,391,reintermediate cross-media systems,0,2020-10-06 17:15:50
912,408,946,morph e-business e-tailers,0,2011-08-18 12:08:25
913,763,559,harness next-generation architectures,1,2022-08-07 11:55:32
914,225,290,aggregate rich action-items,1,2015-07-05 08:15:37
915,470,149,engineer cross-media methodologies,0,2020-02-28 12:34:34
916,452,283,implement killer ROI,0,2018-08-14 04:35:15
917,313,575,disintermediate open-source functionalities,1,2014-11-10 12:10:03
918,111,794,seize seamless synergies,0,2014-07-02 18:34:32
919,308,793,maximize 24/7 ROI,1,2019-12-04 08:22:51
920,342,355,expedite B2C interfaces,1,2011-10-27 15:52:17
921,200,164,extend real-time schemas,0,2021-07-13 03:42:35
922,506,77,architect web-enabled web-readiness,1,2015-09-24 22:33:51
923,56,475,empower B2B communities,0,2022-01-10 16:31:32
924,836,411,recontextualize innovative partnerships,1,2014-01-12 10:38:17
925,311,779,generate dot-com functionalities,0,2020-11-06 20:57:34
926,262,531,seize granular systems,0,2019-02-21 03:35:42
927,316,198,seize mission-critical infrastructures,0,2015-11-21 20:03:04
928,862,89,optimize turn-key e-tailers,0,2017-08-10 19:24:58
929,929,487,exploit front-end vortals,0,2016-10-23 00:45:50
930,308,675,benchmark B2C technologies,0,2019-03-05 06:29:02
931,661,996,mesh leading-edge methodologies,0,2016-11-23 05:37:05
932,238,864,revolutionize B2B bandwidth,1,2022-03-05 21:52:32
933,398,578,utilize killer relationships,1,2011-07-12 16:44:49
934,707,912,deploy end-to-end portals,0,2020-10-04 06:47:43
935,330,255,transform global vortals,1,2017-08-27 03:10:28
936,957,991,exploit real-time e-business,0,2021-03-18 14:21:03
937,604,771,disintermediate B2B bandwidth,0,2015-11-12 07:08:27
938,978,106,repurpose ubiquitous e-business,0,2014-07-24 16:30:07
939,970,923,iterate front-end relationships,1,2018-04-28 14:14:37
940,199,507,visualize intuitive content,0,2023-10-01 23:57:38
941,822,891,strategize compelling solutions,0,2013-09-14 20:14:26
942,200,981,unleash virtual ROI,0,2023-03-21 12:48:10
943,965,136,strategize real-time systems,0,2021-03-17 22:30:43
944,197,974,empower robust metrics,0,2022-06-05 05:08:48
945,244,738,scale transparent systems,1,2016-12-01 00:21:50
946,806,721,enable dynamic content,1,2016-09-30 21:29:08
947,875,436,seize collaborative synergies,1,2013-09-11 19:38:30
948,861,692,productize next-generation initiatives,0,2020-07-22 10:48:23
949,382,904,cultivate dot-com e-commerce,1,2014-11-06 02:51:57
950,414,91,embrace global e-services,1,2018-08-14 21:16:35
951,415,950,leverage viral synergies,1,2023-07-24 10:23:17
952,140,197,engineer intuitive infrastructures,1,2016-06-23 13:55:24
953,637,166,enhance turn-key systems,0,2016-09-03 09:46:20
954,670,436,harness sexy infrastructures,0,2018-06-18 11:49:18
955,231,958,revolutionize cross-media web-readiness,0,2013-04-22 22:14:48
956,715,40,benchmark world-class ROI,1,2014-03-12 03:17:30
957,717,896,reinvent plug-and-play e-services,1,2021-12-11 11:42:56
958,455,196,aggregate turn-key infomediaries,1,2023-12-22 23:14:55
959,967,190,productize sticky communities,1,2023-06-01 03:55:34
960,62,419,embrace wireless relationships,1,2013-11-27 22:05:11
961,154,280,e-enable cutting-edge paradigms,0,2019-08-17 09:27:06
962,198,266,monetize open-source content,0,2012-09-10 00:16:46
963,662,328,architect value-added applications,0,2019-10-14 11:12:24
964,508,878,monetize strategic experiences,0,2011-04-03 16:11:32
965,899,733,expedite vertical experiences,1,2021-02-17 14:51:48
966,152,1,monetize open-source infomediaries,0,2014-09-29 16:52:50
967,954,383,monetize sexy deliverables,0,2022-01-09 09:59:00
968,573,926,unleash turn-key portals,1,2022-11-25 19:43:02
969,612,573,revolutionize vertical methodologies,0,2011-03-27 01:06:28
970,845,51,synergize ubiquitous deliverables,1,2014-05-11 01:36:51
971,432,389,deploy virtual vortals,1,2018-07-28 03:18:43
972,21,381,transform global applications,0,2010-12-01 23:46:50
973,43,434,streamline holistic e-business,0,2021-05-05 22:32:16
974,69,447,grow impactful niches,0,2020-03-31 14:27:53
975,578,321,mesh frictionless web services,0,2012-10-11 06:36:17
976,670,945,implement integrated e-markets,1,2019-06-18 10:28:25
977,114,832,reinvent viral interfaces,1,2019-06-28 06:18:19
978,345,43,target world-class eyeballs,1,2022-11-25 12:54:40
979,291,234,scale turn-key e-services,0,2016-10-15 06:07:57
980,997,375,streamline ubiquitous architectures,0,2013-11-13 14:49:03
981,238,278,innovate customized bandwidth,1,2016-01-01 21:48:13
982,161,23,e-enable leading-edge mindshare,1,2012-08-05 21:21:41
983,363,108,enhance viral models,0,2014-03-27 09:43:39
984,811,322,monetize plug-and-play web services,1,2010-12-31 20:56:02
985,282,890,architect impactful action-items,1,2013-08-02 21:44:01
986,172,102,incentivize best-of-breed infrastructures,0,2016-05-16 16:20:02
987,728,837,disintermediate distributed vortals,1,2015-07-24 07:16:18
988,772,829,integrate end-to-end applications,0,2011-02-15 14:17:08
989,293,508,facilitate proactive convergence,1,2019-04-03 18:10:57
990,593,80,matrix B2B markets,0,2013-07-23 21:51:30
991,710,877,integrate compelling systems,1,2022-09-25 23:50:57
992,67,378,facilitate seamless content,1,2014-12-16 08:26:27
993,365,949,evolve next-generation paradigms,0,2017-03-21 18:09:32
994,821,791,orchestrate efficient portals,1,2015-04-06 02:32:42
995,504,737,deliver scalable infrastructures,1,2022-09-18 06:26:20
996,837,842,expedite turn-key e-markets,0,2014-04-25 15:48:55
997,560,660,transition turn-key infomediaries,1,2010-10-23 01:53:25
998,735,762,evolve dot-com mindshare,1,2012-05-18 07:30:45
999,900,911,evolve one-to-one experiences,1,2019-06-04 23:17:31
1000,703,630,matrix out-of-the-box synergies,1,2019-09-05 18:46:45
