id,email,password,handle
1,bkubasiewicz0@histats.com,zG9*C3%GY_7DF`L*,raskell0
2,bhapps1@umn.edu,oW3)c#HH/0>z,rdalston1
3,acordier2@guardian.co.uk,"zE5.,B_6',_",mkinsell2
4,mgregr3@youku.com,bM0.%{$1UPm#J9#,kmccritichie3
5,ehilliam4@ucsd.edu,gM1=%5H=(l,epech4
6,rsimeone5@harvard.edu,"dR0'Uz/jo""U70Nzl",zhostan5
7,dyourell6@cornell.edu,bV6*IY03ufd%y,fvenus6
8,lredfield7@mediafire.com,yE3@YD3%NG_&w9Z,hradmer7
9,wguido8@indiegogo.com,"uD1,`g@N3+",ibrittain8
10,ncheatle9@cbsnews.com,jG1'?JpV,jdoddemeede9
11,mgildera@netlog.com,"nW4""nKgEo",wdownsa
12,lbrannonb@engadget.com,vS7(~R)B,ephilipsenb
13,alicasc@amazon.co.jp,"uO6#Ki""(%",mliddiattc
14,twiltshawd@bbc.co.uk,rJ4%y\`>AqW},rtetleyd
15,ecobdene@naver.com,lD7)xux!YN9,ciannazzie
16,mcluattf@constantcontact.com,zK0!X`rBOC}<+yL,hfauxf
17,fgergeg@desdev.cn,"eG1,0>|""wd2uq",emacginleyg
18,pyankinh@guardian.co.uk,mL1+y<DE,mclewetth
19,hkoppeli@cafepress.com,"pJ4""nmEU=~G`?",fpanichellii
20,agrainj@bravesites.com,"uZ1%O6sE""0/h5`",csallanj
21,csalomonk@ox.ac.uk,qV3\hY5Z|Dzu,eabelsk
22,sechalierl@unblog.fr,gN2<mVixzo/U2Qs,clindenblattl
23,ahagartm@rambler.ru,"pP6\.XOn5l5e,Rah",gdallynm
24,mnormadelln@soundcloud.com,"fO5.%\`v07=,/",ftuhyn
25,eshealso@zimbio.com,kV6'L0'_~dya0n,nsenno
26,scornbillp@hubpages.com,sT7=B#7L?c,jhobbenp
27,gwindleyq@naver.com,nS1({c5Cn,sgeckeq
28,mkincader@hatena.ne.jp,xH7=VYIOHY2E<,akynndr
29,ecragells@weebly.com,wP3~swhcGLIqe,lcusacks
30,pgennert@exblog.jp,"lV0,kziA6",qrevent
31,kgarrettsonu@ucla.edu,"wP2""&bLL.@D",gdiioriou
32,bvictorv@paginegialle.it,fG6\NhYw+JN,fweatherburnv
33,mkemstonw@yellowbook.com,cL8)>Ai!,hromanettiw
34,jlostyx@biglobe.ne.jp,qP0/3LJOm&l74,pbickerdykex
35,thatty@army.mil,eB0=#.k$,tbartoty
36,alindleyz@imdb.com,nP1\+%k%\8l~QJY,rcarrivickz
37,jlorimer10@freewebs.com,pS7\RJinl,tofer10
38,sclapham11@freewebs.com,mF0$ay*g#XP.(t0R,fcobello11
39,kbelone12@drupal.org,"pU6&%""yB0$cHz",dteligin12
40,ocharnick13@github.io,"fV6??}""k|4~g/",maugur13
41,rjude14@eventbrite.com,nT0+jN2<g.{N4~,dspours14
42,isommerling15@ca.gov,"vP1}.#w4a,1",lcauston15
43,dsainz16@mediafire.com,"jA0+fiLf""uy|",btritten16
44,sshark17@scribd.com,cD1%)VEdJ/c!!Y,bjantzen17
45,jrosberg18@cloudflare.com,fG0&etop<sQ+IQ6,erosario18
46,dbortolussi19@exblog.jp,aQ1~/bDO~)Dp,mdossit19
47,rdevereux1a@hc360.com,mA3>3WhNSGP7Tc,geagle1a
48,ttustin1b@google.pl,tU8'Q8zfQBsj3|,ryeabsley1b
49,frubee1c@ucsd.edu,gF1=5?21~'N{<N,acoughlin1c
50,aswinglehurst1d@toplist.cz,"pE6,}GyrO'M|a?e5",hcardoe1d
51,fmelland1e@photobucket.com,cF1@F4{L&o{n/.U,dfurber1e
52,egrigg1f@opera.com,"vB2<!0=X{XKoA""t=",dmcvane1f
53,pcolwill1g@comsenz.com,"tF3,HD@!fOD5",jaberchirder1g
54,athomson1h@cafepress.com,oI9|k8f)yeQ>,mpryn1h
55,wstrettell1i@wp.com,xC3+VmC.yi,kglencros1i
56,gwaith1j@telegraph.co.uk,gT6@lU0_,dmccullen1j
57,dhotchkin1k@mlb.com,xZ8*14*jb,tiacavone1k
58,sseak1l@fotki.com,"cQ6|6P,E4zwq+NE_",sdach1l
59,rcasson1m@ocn.ne.jp,"fN1""Ht49",dabbis1m
60,shenrique1n@mediafire.com,wU5>BBaQO6~pQ,mbice1n
61,ewewell1o@blogs.com,lA7`$UIHY\Wj!,mcanelas1o
62,rfaccini1p@wunderground.com,wU9$//bH2sJ4,akryszka1p
63,kborley1q@oakley.com,pR3+'Z\Wu8,sovendale1q
64,tberrisford1r@goodreads.com,oH5?ZH1F,aloyd1r
65,csadry1s@icq.com,eQ0%U)2=U?JcgfQ3,mperott1s
66,ltatershall1t@seattletimes.com,"nY9`.1g|,5",bdukesbury1t
67,efrancis1u@archive.org,uE9(5eiYCRf?XTm,mpottie1u
68,ohanney1v@lycos.com,vI5{Z?3#4q,hardern1v
69,chobbema1w@canalblog.com,sS4=HpJT,jcristofano1w
70,hmcgraith1x@stanford.edu,eL0|{56q,hzielinski1x
71,bpincott1y@mit.edu,tG7`x2X#DBazb92G,amackintosh1y
72,twoollacott1z@exblog.jp,dX7$|4O6f<,ekunes1z
73,hreyburn20@bravesites.com,cL6)y@*0fzxu=NjL,cwalshe20
74,bblackborough21@chicagotribune.com,xC6`yriJt+P,ehuertas21
75,haloigi22@washingtonpost.com,aV6}$?eR/b8~e,scron22
76,pvlasov23@yandex.ru,"pZ5,#fb{BVS8Yp",agoadsby23
77,rfogt24@skype.com,oK3`6\nPo7`?u,rloraine24
78,mlowbridge25@pen.io,"mH8@z)EX9E"",ph",ssute25
79,jgallager26@nature.com,yM0!d'2nk4`n,eblakeney26
80,egreenhill27@acquirethisname.com,cU2?UX?1t<lZ,dmcgeachy27
81,wsnasdell28@delicious.com,bA0){&$qM7s,dconkay28
82,bsteely29@goodreads.com,jH5<lRAk_41&7(em,rmarriott29
83,dlangtree2a@walmart.com,zC8?z}dVv,rmcgeachie2a
84,pswinley2b@barnesandnoble.com,zO1=lb|WK`D,dmouncher2b
85,temmanuele2c@elpais.com,kB1{%_q`r,stwinterman2c
86,esharplin2d@cargocollective.com,vB3(UK&6u&Q,bkohnert2d
87,lburnsides2e@google.com.hk,"zZ6+uqvQyU8a,{OK",amcnea2e
88,msaul2f@europa.eu,qH5#\=<yu3O,brayner2f
89,rcastelijn2g@hud.gov,rJ3<<GQ5R,ifigge2g
90,emacpherson2h@istockphoto.com,kI4}{EO5C%6s2M#%,ggow2h
91,bfuller2i@jalbum.net,"gU5{M""K><X",sadolfsen2i
92,rwestney2j@paypal.com,hO3)\YF!GO9pu.p,ecolumbine2j
93,dshaul2k@yelp.com,"uM2""?D=8f?$k",kgirdlestone2k
94,ktimbs2l@eepurl.com,sR2{(nF*Gh,djakolevitch2l
95,vteague2m@w3.org,tR9&s=c~?V,tshevelin2m
96,yredholes2n@cyberchimps.com,hE4(E\'uakO'&B,bbratcher2n
97,cassur2o@japanpost.jp,"nU9(axp""M~x",damies2o
98,elines2p@nsw.gov.au,zZ5@heO|uFum,mweond2p
99,cdesesquelle2q@ox.ac.uk,"qM2,T3f""ePZW",wwakerley2q
100,scicchitello2r@oracle.com,bX9)f.D}cAp,dsenechell2r
101,tingerith2s@auda.org.au,wU8|hH>@=Y?2,avasnetsov2s
102,athompsett2t@redcross.org,bY6=V&$xu,dfuke2t
103,ljacketts2u@oakley.com,"qV9!""av@AE\Gg",cnecrews2u
104,dsunners2v@bloglines.com,eK0=J33m.,pparkhouse2v
105,tgouldeby2w@networksolutions.com,vH3=U<)(fukRb,gsandeland2w
106,kdomleo2x@springer.com,lJ1&D'7oxI%2,tgoalley2x
107,sbutterly2y@biblegateway.com,lO4\D_){+Q(,prisbie2y
108,mhowcroft2z@jugem.jp,jI9\pp<D6,swalsom2z
109,omilmo30@hhs.gov,hH0#+.o6u8Q>hm,rpattini30
110,zhindsberg31@comsenz.com,"nO7/RJp/N,c1wQpb",ikovalski31
111,esampey32@si.edu,"rW3}V|Yvp&6gP%,",jbeach32
112,adagnall33@dailymail.co.uk,bK0%#nL).+s,jlongworthy33
113,fexon34@flickr.com,hL4<\_oJN,randrejevic34
114,dtupie35@yelp.com,cI4=~<k0,wsanchiz35
115,ykinney36@buzzfeed.com,vQ2+vd6.H,jolyff36
116,mbraden37@de.vu,"wS9,lZ<C9}W=jUM",amcgrann37
117,dhoggan38@angelfire.com,cY9~&y#R.,brodear38
118,achartre39@paginegialle.it,"cX1"">>MUW#9YJu",aduckworth39
119,awilcox3a@mysql.com,rX0>O5#Joa}9vv8,tdoumic3a
120,coloughnan3b@cornell.edu,iC5)Om)G3DKl4&$J,fmcmillan3b
121,jouslem3c@smugmug.com,cW3+'xy>zCNet',rtreanor3c
122,mrylett3d@biglobe.ne.jp,gF0`s4ZCbLTV>,csandels3d
123,areach3e@istockphoto.com,yR4=kqdz792%%,fseneschal3e
124,mpapis3f@eepurl.com,sN9\Q(q&#f||l,ggrouen3f
125,kedison3g@pinterest.com,fY3!}a`Ets,sdalling3g
126,adowers3h@1und1.de,yL0\2l4?<C7S6q,salam3h
127,mralls3i@ebay.co.uk,"lQ7'lx@i,",gdominguez3i
128,rbehrens3j@ucsd.edu,xH6|T%uY>$6dk,lbirdall3j
129,jwalisiak3k@house.gov,jE4$3ali,wpadginton3k
130,ashillington3l@mapquest.com,dE6+\+KRd@g,cortells3l
131,jsancto3m@twitpic.com,jB4/WLi57,mbrothwood3m
132,rjest3n@skyrock.com,bN0$G`b1*m24kjW,nharradence3n
133,pguerreau3o@yandex.ru,"mE4""BG#G*Q",smacgiffin3o
134,ghulstrom3p@abc.net.au,wX6{mG*.5,marno3p
135,jechlin3q@phpbb.com,fY7$*_opf|M,corrill3q
136,bwreakes3r@yelp.com,hL1/v<YW4,aingarfield3r
137,bwinterburn3s@addtoany.com,"jN9.{974(s2kP{,t",ojeannesson3s
138,rtombling3t@nasa.gov,yH3&V{=L3d,whawkeswood3t
139,ebonn3u@altervista.org,"cY2<+/WLMOQXM!r,",eabatelli3u
140,egrimshaw3v@samsung.com,bT1|At+<(nH8,pgay3v
141,bcrichten3w@redcross.org,sD3@MTXrVoRIM,pbrito3w
142,maspey3x@salon.com,dZ4@#3\fr~#,jmackessock3x
143,wstaker3y@narod.ru,lN7$8_z'+Plg6,nhoggan3y
144,poxe3z@wisc.edu,"wC4&nSvJ,wF%",pperrat3z
145,fenden40@spotify.com,yU1}<{{PAK_0or,cmulqueen40
146,pseyers41@state.tx.us,nD1)b)%>D@T,mbowker41
147,jbenedick42@tripod.com,"mI1""!oR/_e#K|a",ffrancke42
148,hbeckwith43@upenn.edu,iR6|R7Oy6VkmSz,epretley43
149,mgregoriou44@census.gov,cH8{nLx>q7$,oplayfoot44
150,ahacquel45@nbcnews.com,aV6'q>ODbf>QM|O3,dvonwelldun45
151,vpruckner46@wunderground.com,wQ1@FHHbKeCv''=,ajacobsen46
152,alemmanbie47@shinystat.com,"dM0~""W.aF",breymers47
153,mgallon48@wsj.com,kK7/oc@9Lu_,chanlon48
154,mhadcroft49@cbsnews.com,dB4({'@OKrAS.,sbelding49
155,mhendrickx4a@vkontakte.ru,"oP8}1HnJ,V<I",dhourston4a
156,eevett4b@fc2.com,cO9%mx.#c>8BIY4,mblaby4b
157,gdaveran4c@google.com,bD1?kWU6T@Opq},tmuggach4c
158,creckus4d@naver.com,bC9#kbH'SU\,ncosstick4d
159,fferschke4e@purevolume.com,"uK6%L`J,&((u<Alk",kcottill4e
160,dravelus4f@booking.com,"rQ7,hzJ~_",chiseman4f
161,kgalley4g@ning.com,iZ4{az<RGk&5<vS,dschoffel4g
162,wbirney4h@comcast.net,qW2@$1yl5s'\,bcramer4h
163,rtawton4i@sourceforge.net,xU2+sj?xm>\YhhK>,lsoutherell4i
164,gesseby4j@goo.gl,"lA3|C{""02Bk6X",dbryett4j
165,erosentholer4k@istockphoto.com,sP6+HM<R6}+0),moldroyde4k
166,jmatley4l@redcross.org,zE7|U1tX(I,tfutty4l
167,fgrandisson4m@eventbrite.com,"kM1?MdC{&kv&e,xa",bjanaszewski4m
168,icadany4n@fotki.com,zX2>@?k1ykt,nocullinane4n
169,amenel4o@freewebs.com,"jK2""A3C'O(d+5HLc",jhambidge4o
170,vbushell4p@si.edu,tS6!\6<<,mmathwin4p
171,ibouette4q@rediff.com,gL9#tm4OJ,rbechley4q
172,lzanardii4r@theguardian.com,nK5_d<uHBvH1?V85,roheffernan4r
173,dskelington4s@seattletimes.com,aE0|_#EG%MH~dS9x,afindlater4s
174,dchrichton4t@latimes.com,bG7|f~tk*C,bodea4t
175,drehme4u@slideshare.net,xQ5}Hi#``@,fpollack4u
176,amenzies4v@columbia.edu,tC0\PJL'|JDQP'e`,cmarcham4v
177,lhagger4w@w3.org,fZ3?|td@+.YF9cz,smurrhardt4w
178,fwilstead4x@biglobe.ne.jp,iR9\i4>J~(46~XL,rafield4x
179,jmurgatroyd4y@timesonline.co.uk,xC3{l6qebOt{MDRI,cmasselin4y
180,rczaple4z@nationalgeographic.com,eT8=eToaX,csellner4z
181,zgutch50@amazon.de,"tB3&up,(7a|G|",vstainton50
182,bdeaguirre51@sun.com,"yJ3&3NEeU""V(U",avedyaev51
183,lslopier52@blogspot.com,jG8.?i4qZxRC4,hslamaker52
184,wwitcomb53@chronoengine.com,oL7`0GRk,hlochet53
185,gzywicki54@wired.com,mW0|@cy*J,jconaboy54
186,cconor55@adobe.com,dQ4)4=0R|,cdormand55
187,zmcelwee56@admin.ch,yP9)>fPK+{,zharesnape56
188,bclifton57@google.pl,zU4@SrwA)>S8!(,dbatham57
189,fitzhaiek58@msn.com,cI1.rU.`<xgnk,lhazlewood58
190,wfurmston59@bizjournals.com,"dQ2&,N>137%kqQL\",isavill59
191,cseater5a@blogger.com,lG1$0S|6CUb,dmctear5a
192,astalf5b@java.com,gC4`dpw+@/G,gclapshaw5b
193,gionnisian5c@fema.gov,jI2$dH@(2a~r!H,edayton5c
194,sdecroix5d@livejournal.com,fK1|+ZuW)Aw,hvisco5d
195,bsaintepaul5e@over-blog.com,qH3#._W{>e{JS,fleavold5e
196,nlempel5f@merriam-webster.com,mX7~7mON46yth`Y,pstangoe5f
197,fgreydon5g@salon.com,gA5*~J)=5V>4dP,tklug5g
198,malyoshin5h@wp.com,oG0@i~T0,nfanner5h
199,emcgurk5i@ebay.co.uk,tC1)S1o<H.zHiU,tbegg5i
200,jvasenin5j@163.com,tS5=G.sB4>9E,bjeffress5j
201,alomen5k@businesswire.com,hZ4>SOV6VZA\',vheffernon5k
202,phaining5l@rediff.com,"bW8%,<J#zN+",gcraig5l
203,lseakes5m@ibm.com,iQ4/'t!hP,ikenny5m
204,astocky5n@microsoft.com,fL3&k6q',jburless5n
205,edamper5o@hp.com,tA0}0U&Y,qcawte5o
206,dmellenby5p@cam.ac.uk,aR4{Myaw,fbrome5p
207,jdegregorio5q@bloglovin.com,"sS4,6b+L{5M",edurston5q
208,acockings5r@stanford.edu,cJ7}RHJP75AK,gkleiner5r
209,ttee5s@rakuten.co.jp,"pD7,Rq$c+lP",aschistl5s
210,zegarr5t@t-online.de,oN4's}x$3j@,dhalfhyde5t
211,jmechi5u@php.net,nD9.&O=P,gmoynham5u
212,hbattison5v@biglobe.ne.jp,"eB3+f}1""%1",egledstane5v
213,ktwitchings5w@dyndns.org,jI3!08)X==.W4,ecourage5w
214,elynde5x@t-online.de,pJ0?}`CL?`,dmckue5x
215,yninnotti5y@usnews.com,jG9)W<gTe,ebrabbins5y
216,dhatrick5z@microsoft.com,rV2\k_U08{u,mfreemantle5z
217,liianon60@feedburner.com,aV2)$$IN),kepinay60
218,ewhyley61@1und1.de,dJ6`ocyf.Us!Vc&S,habramovitch61
219,dmcnelly62@hibu.com,aO5<'HaR`T*4+#gL,cfitch62
220,cpovey63@theguardian.com,"vX8""qBpb7R",lmckevin63
221,ddowner64@posterous.com,yV5_|3p|K1AOi9,cpetru64
222,klukovic65@sitemeter.com,tS6?5rucQO~zm@!,rmibourne65
223,nkubatsch66@smh.com.au,qK7{HTX.n`2\$SrW,cwix66
224,pgowland67@diigo.com,lD8{8sKqzAbB9*\,efannin67
225,tdeboy68@uol.com.br,vX8&RjL|f,cferron68
226,cpresshaugh69@independent.co.uk,fU2%ZW!l_kE,jors69
227,hpaolini6a@sourceforge.net,rO4#*?eq<AuVp,trumney6a
228,cstrongitharm6b@oracle.com,fW2}uI`ss),gcornfield6b
229,cletch6c@twitter.com,gJ2#Mq5a~57,ivynarde6c
230,awestrope6d@berkeley.edu,hR3$Qk#tEJ8Y(ncv,tallder6d
231,cmarcinkowski6e@ning.com,hW8}*yK4tFnPj$,amordey6e
232,hgrasser6f@friendfeed.com,kF2\(OJa`,atabbernor6f
233,hmedway6g@theglobeandmail.com,dX3*$<&EnDMx$rYj,ibraunes6g
234,hlowsely6h@msn.com,xJ0}|LN)+2N89,chaster6h
235,gkerford6i@ustream.tv,jH1@0=7+Dt_rSZO,gpennycook6i
236,lhauck6j@example.com,xP9)#|siAZh42PI6,iprettejohns6j
237,xwagg6k@opera.com,uT5$+tzKZgj{,acrosoer6k
238,fdarter6l@home.pl,xL5!Y}SyHY{>c,aales6l
239,dheathcott6m@wix.com,gA1|?XUucm5,agiraldo6m
240,dtrevear6n@cmu.edu,"vJ6,4}tbeaxh',r",blawman6n
241,jwilsey6o@cloudflare.com,kK1`AEBd4iSK1,pbudd6o
242,livel6p@google.co.jp,vU0/$`34)Y8,noutram6p
243,batwill6q@ed.gov,mA5'a4I+VzJPqSx,cgoldwater6q
244,gbenyan6r@wikipedia.org,aC0%PW'8,wburchell6r
245,hthorsen6s@narod.ru,"pS1'""oLv",aphilipp6s
246,mdoxey6t@wp.com,qY1>U0\'?o,gespino6t
247,sambler6u@friendfeed.com,"vM4<*tJ%8&4z*#""S",esidlow6u
248,sollerhad6v@123-reg.co.uk,"kI3,XKD$*#u&m=.C",fguerreiro6v
249,ngrigorian6w@rambler.ru,"cW5{}MD5xCk7&)0""",msurgison6w
250,emanwell6x@dropbox.com,zT3(#&03z2vNhkK,pverheijden6x
251,gvolcker6y@blogs.com,nI9?'gPhOS,rskill6y
252,dsnartt6z@feedburner.com,yR4(kq#d`&g}Q'5F,amccorkindale6z
253,lfolling70@cnet.com,zW3{)zl<9C=4H,mmulran70
254,aabramson71@army.mil,pP2}/E8bO#p7J,rquinell71
255,epeoples72@plala.or.jp,kC6$L>hw<,nskeggs72
256,rsporrij73@smh.com.au,jR9\qacI.{{,cacarson73
257,ebresman74@jiathis.com,zQ5~h8PgDJ7lBg,mgeill74
258,mseymark75@wp.com,"cQ9},7c=68O%",jlawling75
259,bspittal76@craigslist.org,kA9*C(/dhWOE,sdeamer76
260,gslimm77@istockphoto.com,gR9?'&coS3s12rEQ,kkubu77
261,jgheeorghie78@unesco.org,"mI4#A,Ce=~",dfossey78
262,aloges79@devhub.com,mV0>K6c',khurst79
263,dleroux7a@about.me,tR3)'}~_~p3\,cbardill7a
264,kmacgilrewy7b@blogs.com,oJ4!=<R1s_MJ),aleyborne7b
265,tselvey7c@omniture.com,"zH8""Fs.""\&rsR",gcane7c
266,hlovart7d@slideshare.net,"kD0""otyg@T'zx",kcrawford7d
267,rburth7e@oracle.com,fI2*?`Mb&,rbrehaut7e
268,calbinson7f@icq.com,nH9*_$29k.,sparry7f
269,cshardlow7g@istockphoto.com,xQ0+C!7wl,cmelsom7g
270,tbeckenham7h@lulu.com,bY3_(uY7=V'~F,dcalf7h
271,gbilovus7i@hexun.com,iC1=|lZiw),tcastellone7i
272,ytenant7j@cocolog-nifty.com,wI0/g!/7*|4L,mivanyushin7j
273,ecissell7k@is.gd,aO5<`HR9tJr,aalleyne7k
274,rfarlamb7l@boston.com,"hQ1#kA""{ZRq/u4f",bschimoni7l
275,grosenstiel7m@telegraph.co.uk,jO0`2i+Hc$_GJ,ziglesiaz7m
276,kleppingwell7n@hexun.com,"vT5)l}O1a!,XI|ux",vbolsover7n
277,djurca7o@elegantthemes.com,"sN4@,+rW#,""",cbeaford7o
278,dpharro7p@google.es,qL3<#0a/,mkrabbe7p
279,esaill7q@unesco.org,"wK4_"")}@",scuddehy7q
280,rwrotham7r@mapquest.com,"wA6""P)yp&j8",echessell7r
281,gmacguiness7s@edublogs.org,xF0$Hvb4b,rchristopherson7s
282,ycurtoys7t@hibu.com,kR5)nP{b,bmacmeekan7t
283,tscolland7u@twitter.com,yV4<NsiUDQ,kdomesday7u
284,shearnes7v@exblog.jp,"aQ6@H+5AG,@am",mpoyle7v
285,rgritland7w@taobao.com,"kK2`a65nUqB@)K,",pcranke7w
286,tsalla7x@arizona.edu,kX6<ErL2S,eviant7x
287,gcarrigan7y@npr.org,"vJ0_hq!a,""5eZd",obramble7y
288,abridges7z@forbes.com,"uG0,5`q'ixg",ppenhaleurack7z
289,isteger80@ustream.tv,mT0(lS9JmePnQ,nguiu80
290,jwhatmough81@tinyurl.com,nY9*.#\prO,gcopello81
291,rionesco82@creativecommons.org,uF9(h~I9GF`|?F39,kwhitbread82
292,mroon83@ftc.gov,kY8(j86l,lsavidge83
293,aschultze84@amazon.de,yN6$ciaZ*uG3Qe,lfarres84
294,ddebiaggi85@nsw.gov.au,"hW6""T#/R",mrouf85
295,sduchant86@usatoday.com,"aB6$hBSX,_F*",cdonaghy86
296,mtwidell87@indiegogo.com,vO6!oCaC_Qky\,ccorstan87
297,hedgeller88@google.com.br,eB9!R)(X_<7,nwormell88
298,chayman89@jiathis.com,eS0|IE`7#,bmeece89
299,gcauldwell8a@exblog.jp,"fE7,""I""K%P1{EB@",thinchcliffe8a
300,pmccrainor8b@indiatimes.com,"vG0?z=HYRI""v{d\",qbichener8b
301,fduley8c@example.com,yC1|fPuH<O/C,kkirton8c
302,ckaroly8d@zimbio.com,iQ6|_NL{h,tswindley8d
303,ywilder8e@ft.com,"xQ9,F}T#7W7aRx",dnorthwood8e
304,phenrie8f@boston.com,wX3$?Y)`9,cohanlon8f
305,lscoon8g@goo.ne.jp,"eK1~Q'|s',{SjY",cblondell8g
306,aschruurs8h@mashable.com,"gV4_'d&""}a,",tshankland8h
307,lswanwick8i@mysql.com,"jX8.iX<=gFJ(MA,",eguiett8i
308,mtrangmar8j@stanford.edu,jB1}QvPN.Wj9YV!@,bpearce8j
309,cbrok8k@yellowbook.com,fC1{K'05_,whailes8k
310,jlutz8l@nyu.edu,hS8~|8~zf1R=R2@F,slyon8l
311,gskermer8m@vkontakte.ru,"nT7~8K""cb_*I0",sstubbeley8m
312,svanderson8n@amazonaws.com,mA1_@iOT<=Lklw=,ddeam8n
313,cpettengell8o@jimdo.com,gF6&>2>apI,dhurleston8o
314,bforde8p@discuz.net,sK7%z`~%`?dy,eclawe8p
315,vsenten8q@china.com.cn,iA3!B|7T,bgudeman8q
316,agrubey8r@java.com,oW5*3ui)A4u,aferrettino8r
317,bjohns8s@columbia.edu,iM2!u(xno(5\2=,dscemp8s
318,kosboldstone8t@harvard.edu,vL5~tOVaPgt'h6,mdiggins8t
319,abouzan8u@instagram.com,nE7`mltkuzfrGC,alummis8u
320,bbenning8v@tmall.com,pH3.1Cm|,sriddel8v
321,rwyche8w@spotify.com,"tD8,HjqCjUN5xA",fminci8w
322,vmafham8x@irs.gov,"kK6'\S!g""my3Om",tsay8x
323,equarlis8y@abc.net.au,aW3<OLpxuz,estledger8y
324,ljacobs8z@berkeley.edu,bO7!$<_pg/H.UDY,jduddle8z
325,magates90@ning.com,xQ9%=x\3Jx,cgath90
326,sclapton91@amazon.co.uk,rM3%Y3IUC%,mtwitchings91
327,ehawney92@chron.com,"yY9|,HPI",gedgett92
328,kroseburgh93@ucoz.ru,gQ7)_3w|,dfarryann93
329,doakshott94@nytimes.com,"aC7""d""@8#",mclaworth94
330,gskrzynski95@myspace.com,dZ5.}8c%D23{o,fmockes95
331,hcamble96@theguardian.com,mN4#NBs8vaxS),craitt96
332,mmccaskell97@washington.edu,tC2/VVxv'mw,cduplain97
333,wpittwood98@engadget.com,dZ8~H|h7uAxuJ,rgatheral98
334,ahobble99@mapy.cz,"tB0\NHb|H|eZ,Z",blightbourne99
335,dsuttle9a@spotify.com,tQ7}{B7Ja4zQ,acosti9a
336,dgero9b@google.com.br,"jB1,TrnE}*V",ggrocutt9b
337,cbenezeit9c@yellowbook.com,tM6\WJmRX0m,lsidery9c
338,myarham9d@mashable.com,hZ9\Tj*/zO\=lV,apetronis9d
339,jkarpenya9e@1688.com,"zR1@/`d""aMkr's#",lbernon9e
340,rfaulo9f@mayoclinic.com,lH6`$)iO*whi,fjuliff9f
341,mlettsom9g@virginia.edu,hX8.Hwv=,tqueyos9g
342,cshadrach9h@ucoz.ru,eU8#*5.P/>m`_H)i,adunford9h
343,ajanca9i@bigcartel.com,"nG0|9U(,0?dupFX",bharlock9i
344,cjerome9j@weather.com,"tT1\2k`""J)~SRLy.",lpopham9j
345,corowane9k@nasa.gov,vM4&m+(p6@Q#,eshepcutt9k
346,avairow9l@nifty.com,eK4?}p!28tx+)US,rbarense9l
347,gbemwell9m@cargocollective.com,gK7>bCmyhYiD*4f,agillfillan9m
348,tkaye9n@stanford.edu,"iW5~Wr,Nbo4l6U",lmacfaul9n
349,dpostill9o@paginegialle.it,bI8?r=sq,hcollihole9o
350,mwattingham9p@sogou.com,eR6>IIJlgeoEBJ@,lungaretti9p
351,mjeffes9q@abc.net.au,fU6#_\#_3(,yhames9q
352,mbeadnell9r@bigcartel.com,eJ7.W@wz),acoultard9r
353,ewreakes9s@disqus.com,"xK8,13OhoO@NiH",dfurmenger9s
354,rbeagen9t@yellowpages.com,vI7%s8vFT7#V=4N,rimm9t
355,gmacgowing9u@slate.com,sV8.z.=Tdvdt%`S$,fcantu9u
356,ljuniper9v@cornell.edu,wP7?ln1so&<i_=R,bmcphilip9v
357,ldoddrell9w@state.gov,uZ3%WE{ohCU<qfQ,wmathes9w
358,ahurleston9x@jigsy.com,qO8\FBh3hN9MiWC,jkitman9x
359,knyssen9y@springer.com,wX7$Xh7/hzRS9,cpower9y
360,jjesse9z@wikispaces.com,"yL7@J04Gd,PaI",cgainsborough9z
361,fduntona0@netscape.com,jA2|i8~xWk=,ppellatta0
362,gjosuweita1@sbwire.com,bE7)kY*|,grapporta1
363,aaronsa2@sbwire.com,"eB1%LE""Xnl5Z",ctougha2
364,bgaitunga3@infoseek.co.jp,oM4?)$HsdTp9f,afloyeda3
365,gelya4@chicagotribune.com,iL8>qPBrLo9B%h,xlenchenkoa4
366,akinchleaa5@foxnews.com,sG9||@s\0>wnFI,akarmela5
367,tcurreya6@virginia.edu,vV4%5\r2NxgYMG,lbraidona6
368,esharriera7@theatlantic.com,lC9)D$J)S,dfeatherbya7
369,dperrata8@sakura.ne.jp,kY1$z*Zb&,ematijevica8
370,pphilpotta9@ed.gov,mC3/J&z+e/Bz,hrannalda9
371,mstoodaa@usatoday.com,sS9?}X@V!G(I%f,aolivettaaa
372,pjasperab@liveinternet.ru,vY1+6}9|d4!v,adrohunab
373,aloxlyac@cnn.com,xE4#{Vfv`TP{B,gbeldingac
374,slangstonad@ted.com,cV6.ye{dgD,droddad
375,hgradleyae@cargocollective.com,lL8/ZO6UN,estollsteinerae
376,challowayaf@behance.net,oL0'KA%P@9u+Au/H,hwhittekaf
377,cromanskiag@comsenz.com,hM8}$YubES7N+Y&,nspurmanag
378,dbewah@shinystat.com,qJ0{i(1>$,kbradtkeah
379,bjarvilleai@yahoo.co.jp,"kG3+B'e,{9J",hfortai
380,lhecksaj@discuz.net,nG0\UhMPz((/,aruleraj
381,mwalczakak@github.io,"iZ6>,.LVZ#)",scluseak
382,vloraineal@1und1.de,lA4*@Cjws3`.F\?O,choltal
383,tjeramam@cbsnews.com,oG3{S%e'{j,jlibrerosam
384,egoulbournean@oakley.com,wM7`#vT&&!,omayouan
385,ihyndmanao@wunderground.com,xY4)JTozsbcwltw,vcristoforoao
386,jsennettap@purevolume.com,"hR7`5+6G~tM>""tC",tsnodayap
387,ogreatrakesaq@dedecms.com,tN7&OEw0,aandrissaq
388,rblofieldar@yellowbook.com,rG3.qyfZsP{V,kcrampsyar
389,kleachmanas@smugmug.com,bT6+aNAs.|uOY,srawlinsas
390,bleonat@list-manage.com,nZ1#3vu@*R,rweskerat
391,lwetherilau@geocities.jp,"qK9=p,$,IL'Q${p",eoaksau
392,ojeenesav@imdb.com,dH5%oVl0,ncrewsav
393,ddufoureaw@meetup.com,tH3%#4@18fp,jschulkeaw
394,wteasax@discuz.net,lB4@@%Zb~\/%N#vx,foflahertyax
395,fharefootay@ucoz.ru,uL6#B_|u6)hg,tcrootay
396,rprattonaz@seesaa.net,oJ4)|L4l+&`(+,prameletaz
397,gphilliskirkb0@odnoklassniki.ru,qS4$OI'sWHo_k!wP,etremolletb0
398,jhorsellb1@sohu.com,"sU6\jl"",}EP9X",cdearnlyb1
399,dwortb2@patch.com,"qJ8""he#?a(P",rharpinb2
400,rhutcheonb3@printfriendly.com,xH7/(+yqct,cheinsenb3
401,kgillmanb4@wired.com,qJ7?4<@w5o>R,spurdeyb4
402,mcheineb5@xing.com,aS2`EP|Gx/m`d{#x,eshipmanb5
403,mheppenspallb6@adobe.com,"zE2*Ok52""(Ay5Of",etompkinsb6
404,jtiebeb7@rambler.ru,pC2&JuJEe,bgoalbyb7
405,cdacostab8@google.nl,bL0`B4/_BI8N/D,bjakubskib8
406,acloneyb9@multiply.com,aA7_#Y*3g0a,bzackb9
407,cboldraba@apple.com,"pG2.iw/}NJ""v!",mlasteba
408,clathwellbb@cyberchimps.com,cO3#=H0&rp,cforbesbb
409,pablottbc@fotki.com,iQ8<%PJ!P*E`i+T,stysackbc
410,lflickerbd@hhs.gov,dV5/M6AeLiDB=7S,chemsteadbd
411,ntrendlebe@cam.ac.uk,aH6._0'mFx7v`N,rmullengerbe
412,jsimounetbf@trellian.com,"uU6+DO9n,icaT=g",bcastanagabf
413,abroomhallbg@sciencedaily.com,zY4~R>N84Jl76c,rwrothbg
414,cjewkesbh@eepurl.com,jH8!%m2PlnN58,rcouttsbh
415,mantoniewskibi@arizona.edu,fF6&!fSx,mgillilandbi
416,ecaylebj@sfgate.com,bI1!+QL<`x,kboydabj
417,qlavallbk@google.ca,vT7%7Zu&nb+,tcutbushbk
418,ggriswaitebl@ovh.net,rF7$nhSTXk$,lfladgatebl
419,lhaldenbybm@odnoklassniki.ru,"lA4>,}6PVD88Ia?Q",ajohnstonebm
420,cpetrellobn@wikipedia.org,aQ1/P\=JB5q,againsborobn
421,srubinowitschbo@quantcast.com,"bO0$GW8HWZ,Uhx\",mfantonebo
422,pduffetbp@hhs.gov,wI1?/UXs!U,pfreiburgerbp
423,linglishbq@examiner.com,fD2{Ow||Ukr|,fkhidrbq
424,havramovitzbr@pcworld.com,zR7@WyqVPcmm?M4,gmarcqbr
425,rbatistebs@weibo.com,mN8)i(|NS,nshwennbs
426,ztrounsonbt@posterous.com,vC5\8Y.>8(+0G,wfinlanbt
427,mgribbenbu@wix.com,wL2'+@%XW,mgumleybu
428,fchapleobv@apache.org,dH7\t\W1{,jeliassenbv
429,kstrattanbw@dell.com,zT4'C%E$?9E2,mbanasiakbw
430,patkinsbx@e-recht24.de,yW6#P8ypB@,yhowshipbx
431,lboughby@netlog.com,"aC0=g+w+No""k",bfreakby
432,ajerzycowskibz@seesaa.net,jV5'337x2j,cmatlockbz
433,sdrynanc0@angelfire.com,aZ0/@zEsB/lRGp,agennyc0
434,zwarryc1@sbwire.com,zB9|}MRyAK3.>$,komarc1
435,gbaytropc2@mashable.com,kE3%%=$<oXp,pshipseyc2
436,dmertgenc3@ehow.com,wX3&qI+BKAb,lferrisc3
437,zmacalpinc4@netlog.com,oG3!*5NG\RF4,osuggettc4
438,dpenvarnec5@fotki.com,wA4{Q4ZoWRq,bfrangelloc5
439,eabrahamovitzc6@msn.com,tW9~/Y8EM,mkemishc6
440,lblondellec7@netscape.com,aN3{F+!)&/,ebickerstaffc7
441,adevuystc8@theglobeandmail.com,"sZ5""f+yfg",chaquinc8
442,asleightc9@webeden.co.uk,uN7{uuthpPdoGX,bfennac9
443,pkrierca@cdbaby.com,"aM9?<,pn)*h}wiU",vkopmanca
444,gleistcb@abc.net.au,"bO4,VY}z#l0",jcarneycb
445,cpalferycc@godaddy.com,mA7>Bm@sf~P4f,mtalboycc
446,fadriaancd@umich.edu,jS9+OT4577JfT,dreppcd
447,fdouchece@ted.com,nA9>eXZ$QYx!6*,nstclairce
448,jmuffencf@auda.org.au,cZ5'Rb0poaA`(a,erenforthcf
449,kheathfieldcg@unesco.org,nI7&I=xNGny*,lrenforthcg
450,tprimech@networkadvertising.org,tH1/>z|nBZ(ER,dtrewekech
451,ntheisci@naver.com,fR8.DffaCxQStC,bblastockci
452,npoundfordcj@opera.com,bN4$DpY}uUTzr%#g,sroberticj
453,amurdyck@answers.com,kS4@cf!3+a,nmeneerck
454,nrockliffecl@histats.com,fL8>_@6~zMP/Z'W,jlipmanncl
455,lstrandcm@salon.com,pQ8_Feom,madamolicm
456,rdanilincn@engadget.com,mJ3?1*DT,mglawsopcn
457,kboundeco@shinystat.com,lI7*eUgn8|2A,mpauelco
458,adurdlecp@storify.com,yD5?epF|R+Sti,nmchughcp
459,gmcneighcq@psu.edu,eG8`#}ZdJ,dbradshawcq
460,slautiecr@addthis.com,mU7@Sqp9gc,cofeenycr
461,sedgworthcs@rakuten.co.jp,"aM8!}YG""#N?xa",kmoffcs
462,tbraybrookesct@pagesperso-orange.fr,kT4!Jsb9?n{+TH,acissenct
463,ssoanescu@reverbnation.com,qP8?>o(0I,dabbecu
464,sdevoielscv@cmu.edu,aX8.bI{SY)CAEyG?,npetrakcv
465,mlaurentinocw@yandex.ru,lH2~8DP6|0RCv6a+,ggoodyercw
466,arentollcx@ycombinator.com,"uO5!d7L""QE!tX*",jdallicoatcx
467,gllewellyncy@indiegogo.com,fF2(}`\3,aaguilarcy
468,jwilloughbycz@diigo.com,kZ7&E~)>Z&(15,glewsoncz
469,aackermand0@dot.gov,vU6_HvrU?R,uduerd0
470,jbeamsd1@google.de,jO2{\yHa)3D,llambrechtsd1
471,haustind2@bandcamp.com,zR4{{Ih>,clamblind2
472,hcalabryd3@1und1.de,wU6.<.HigNkR`ZN,rsheildsd3
473,ustendalld4@webs.com,cT7$TSFiQ,rdorgand4
474,ckidderd5@ifeng.com,aL7/LFTtn,sbeatyd5
475,ebezarrad6@livejournal.com,zP8\C&aE!Mbyi_L%,tmiskind6
476,ckernesd7@comsenz.com,pR3/2S#0!|'Gcltv,bbulgerd7
477,cburcombed8@macromedia.com,mH8>Wo.1TQDku'<s,noxenburyd8
478,bpaoloned9@uol.com.br,lY4@Z.e+6h52?,fcornerd9
479,vsarsonda@shinystat.com,mB4}Q/xT,cfrancescoda
480,jmushrowdb@psu.edu,"dC8,!@iCORaf\Vr",jsangedb
481,bjurgensondc@blogtalkradio.com,jK5&f/y~I>hQj)n,ptillmandc
482,mocannovanedd@apple.com,eR7%D`f{,hschuledd
483,jcockshutde@cam.ac.uk,eX0'cTWEvGZ,rvaseyde
484,loldknowdf@wix.com,mB7`#d/H,triccardodf
485,emessittdg@vimeo.com,rN0>AE+vO,kbarwisedg
486,cmadelindh@google.it,kQ4}=8HwEr,sellingsworthdh
487,cketleydi@google.com.au,"hX9>u#""vfdF",cshawcroftdi
488,mjouledj@washingtonpost.com,dE2&0f%_,cdifrancescodj
489,kwoollamdk@vistaprint.com,"pG1(""wwn0s8OGLL",tdurnalldk
490,rrameletdl@bloglines.com,uI2$~LC|D=<Y,whinrichsendl
491,troughandm@wix.com,"nP6{|EJb4M`u,""v",nseamerdm
492,dfilippazzodn@pinterest.com,sT0+q0e%tE4\U2Bh,rhusseydn
493,bjenkersondo@themeforest.net,dL8&\Fl},aalsobrookdo
494,amacallasterdp@tumblr.com,"dB3~c,`gWbv<",idezuanidp
495,tvigusdq@uol.com.br,yO2'?*vt~w.r#w,dandertondq
496,kroathdr@arizona.edu,sJ4)0y_nq$,hsealeydr
497,eedgsonds@cdbaby.com,aK2_(IOjA,bbrettonerds
498,kfippedt@ted.com,eB6|S~Z+7s\~e9{8,ifluindt
499,mmacgahydu@issuu.com,fV4?lX.md3>,lclemencetdu
500,tlansdowndv@cocolog-nifty.com,oQ8!#u.*5rm,wpaulillodv
501,btroydw@weather.com,jD2'$br8X.Wo%A,yiornsdw
502,gbrennekedx@nps.gov,dO9!a7InABL,bshivlindx
503,smateescudy@eepurl.com,nQ1?$r/_TRdIP9Y?,larnaldy
504,dcaildz@scientificamerican.com,vT3.Q/qc&ihd9,khurlestonedz
505,bdynee0@odnoklassniki.ru,"sB2/`%0""uZ?$)SYR",ghearone0
506,cyurtseve1@google.it,hP7>6qQGs,rkeese1
507,dclaybournee2@hud.gov,jQ7||*T&33Mw,arohlfe2
508,swolperte3@aol.com,cQ6$7vR/OQ,bmacdaide3
509,rmumbersone4@archive.org,"pM5>/""n?&?{",yboije4
510,mrayboulde5@opera.com,aW4?9ALvOA`+f,amelmoree5
511,cmuskette6@patch.com,aL1#50I_s%orD$3,jhamblene6
512,vdressele7@ted.com,"yH9$/_=""%7_C#9_",rzouche7
513,olallye8@cocolog-nifty.com,"uZ2)`,aVG.EdCA7I",ygarroulde8
514,cbarstocke9@phoca.cz,mR3@=O}AhWRx,slaste9
515,bleteveea@cbslocal.com,tW1|e{1TAdF,abrozssetea
516,mbeachemeb@mapy.cz,hZ6#3M$TM0cIFrK,bbrimmacombeeb
517,ttattonec@washingtonpost.com,"mS5""Qr3s",hburtec
518,cbiglined@accuweather.com,nH1$u!aUWxbKPG,msedgefielded
519,gwakehamee@photobucket.com,lS4@rP3%!1d0,ahowsdenee
520,kmulheronef@microsoft.com,uY4\kF=5sDZI@hOy,janfonsief
521,shubbleeg@friendfeed.com,"cS8@x`KG7""(<a`",dvautereg
522,nmatussevicheh@godaddy.com,aX2_CNwpL{,jalfonsettieh
523,spetticanei@mediafire.com,"wK0|!D$o/jEkv""iY",mgableei
524,hharmstoneej@feedburner.com,eF4+)L3VV,mmccereryej
525,ccraigek@jalbum.net,gI0)HDNJzSjZ,ginettek
526,tbolinel@ustream.tv,"uN5,2#lod}23*",kweardenel
527,nkildayem@google.com,bS1}`!4.kFb~eD,rflamankem
528,bwindrossen@4shared.com,rU4'o`zPtaa&,ekobierraen
529,ebernardinellieo@harvard.edu,zL2'nI4cPZ\q.,rraddisheo
530,sgyngellep@huffingtonpost.com,aB9.Mmtc,nkrollep
531,hkupeceq@hao123.com,"oC3(,~@eI|R+>7",phaversumeq
532,mdeeganer@springer.com,lW5+cUo>,pcombeer
533,gswofferes@behance.net,"hO4<g9?`h,wpCHI",maxceles
534,ayakutinet@ca.gov,nC3(hIi?E0mi$w`,slerganet
535,gmonaghaneu@tripadvisor.com,nZ0{ex~F(T,jvanderveldeeu
536,cdiddamsev@bloomberg.com,cA4.dxX`PqE4\6,fkindleyev
537,ableasdaleew@feedburner.com,lG5@Q4%`9JO~d,mbockettew
538,ynuthex@reverbnation.com,nN4<>JN!,cwalbrookex
539,kwariney@amazon.de,qB1+AJ`Ga,mmcclayey
540,bedmonsez@pinterest.com,lK4_)PdWYDLXkF7,lsilbermannez
541,cweatherburnf0@amazon.de,kI4{<ijwyr`pW(,jdanaf0
542,mlepperf1@redcross.org,kT3+b8>LCHcX<03R,yduguidf1
543,clorrimerf2@pcworld.com,"jN7|t0Z24_""t,v\i",mmoenf2
544,npinckardf3@wordpress.org,aM6_lnb2,wlambolf3
545,zneseyf4@blog.com,"oE0._q(""""fD%w",qraisbeckf4
546,hdayshf5@istockphoto.com,wV3(B)1wyE,hquinseef5
547,kpenhaligonf6@altervista.org,lB0@DJhk}4N,hpadefieldf6
548,eyewmanf7@etsy.com,eT3~mbPY1*Tw,kpedrolif7
549,atruslerf8@java.com,"hS3|\Fn_0""aAw0",eolyetf8
550,bfawcusf9@skype.com,rF0\{6Yr%)2&,kbenedekf9
551,jdaberfa@sphinn.com,jH2.?|&_U/,rmckiernanfa
552,agermanfb@discuz.net,"bQ7`c,c?ka0k,HDh",rcockingsfb
553,ssicelyfc@arstechnica.com,"qX2_tRl\""nOF{",owilsherfc
554,fplaunchfd@a8.net,"mS6,D2l(",hwallbanksfd
555,nrubinfeldfe@scientificamerican.com,aT9~T2<&.K4,agellanfe
556,rtolworthff@theatlantic.com,yY1=$\.Iw0,kwalklettff
557,tbarrfg@weather.com,kL5|kC3kv@SlKJNm,brobertetfg
558,sampsfh@issuu.com,"uA0""IZ),vLZ='HA.",bpetzoltfh
559,ematthiaefi@prlog.org,vM7@+<8le|'xz,rstrathefi
560,vdeemfj@admin.ch,"aG4&WN|b=,",bmastrantonefj
561,vyellopfk@edublogs.org,"zQ5|&nE1.,pR,?*",cwillcotfk
562,gathowefl@princeton.edu,lN0}DMf_9T@V#w<,udoddfl
563,bpattiefm@myspace.com,fA0\$W60$WRh_7gr,csheeresfm
564,ashurmerfn@google.es,xG7)G(e4w`zmV,jpallaschfn
565,lflowithfo@thetimes.co.uk,"bU1""TAU_6L19JUm_",klongdenfo
566,ecollcottfp@wikia.com,jK1!L>JFs+,fjollyfp
567,alewerenzfq@gravatar.com,"oC2'w""f0&L>",dangovefq
568,lyushinfr@jimdo.com,"nL0#lbX,\8",wofficerfr
569,jgewerfs@list-manage.com,rV2/SfRkwZ6R3L,rmcewanfs
570,smuggeridgeft@archive.org,"sL9|,sZm""7~b@<Cs",bcorbetft
571,edarmodyfu@businessinsider.com,nC5}?Kr4Jl,gdelionfu
572,bincognafv@about.me,hL2)$cScu\0,cevequefv
573,lcasellasfw@zimbio.com,"gA1%sQh,=@rXq",ksheklefw
574,bkeenanfx@geocities.com,"aX8""A7#(Rpi|m",mschusterlfx
575,tridholefy@furl.net,gX7/*96+gR?t.,vscrowsonfy
576,jandreottifz@lycos.com,dO9#hUW30n,pludlemfz
577,cjanking0@aboutads.info,dA3$da?A)_XUaF,nmaletrattg0
578,swalesg1@state.tx.us,"nX4*Gz.,XZ",scorainig1
579,cwilleg2@columbia.edu,kD7`+FMG,wscinellig2
580,cvlasyevg3@utexas.edu,zO1`qjboTETDo=,ndeyesg3
581,iyellandg4@imdb.com,rB3?n8Xlnr%ZIq,ggullefordg4
582,rkiltyg5@wordpress.com,"lH0='Pl{wu""#z?r",nstoutg5
583,sbrickettg6@mysql.com,tB9@9VtB.CUBjLO,glabbg6
584,vtessingtong7@netlog.com,wW8?'om?wP12,bduleyg7
585,uogradag8@opensource.org,xV0+~*&<)&E*,eremmersg8
586,sgafferg9@apache.org,"dS7,nN{G)F8(!|L",ptocknellg9
587,smingayga@pagesperso-orange.fr,zX4!M0O!iv,edemarchiga
588,wlocockgb@google.es,"kQ5{P""<sJ$",pwarrackgb
589,ppeaurtgc@ibm.com,rO4#=&b#IL,cdeveygc
590,dchaffergd@flickr.com,"kJ1,jBW}AIE3I5",rlauthiangd
591,btuege@narod.ru,nW8!viS<G>4M,lkiddyege
592,anuccitelligf@ed.gov,sZ2<gfZb+z*MHb>,dnewallgf
593,rmcgoniglegg@webs.com,wN8|GXK.*%,ndykinsgg
594,ngagiegh@issuu.com,"yD7,Z'W1nan<1LLD",cwallworthgh
595,mlagdengi@fotki.com,fD6}UVr0Uo,rpickrillgi
596,bhorsfieldgj@google.nl,pS3>.a5r~$75Obi,mbowlasgj
597,jfeldharkergk@bandcamp.com,aX8@W=JwdYKD,dbernardelligk
598,gsaltwellgl@digg.com,dZ8(rw3DZt,kpurchallgl
599,rhapgoodgm@usatoday.com,"xT9/,bb*t4fVHnd",beathertongm
600,awicksgn@nps.gov,"mS7'T=?cyT""hG.Od",rharowergn
601,rkuppergo@diigo.com,vI6??0@h=Ua'Pf,cdanceygo
602,ebreedgp@weebly.com,uS0$q8'2HUyWX,dthurstongp
603,cbodicumgq@github.io,tO1>sK9Q$,bpaintengq
604,cfreeburygr@youku.com,nV9)VkAGsaB,tburressgr
605,asaltsbergergs@amazon.de,vT4~S(MeKw>7a,jbentamegs
606,lgelsthorpegt@ow.ly,"gI6*qac""I",ksheardsgt
607,mantczakgu@seattletimes.com,nX6(YHVH,jginnergu
608,gsawellgv@cornell.edu,kQ1!yQI0,hsalmangv
609,mlupsongw@acquirethisname.com,cQ5(!D=2RB4,fdenizetgw
610,dsimonougx@opensource.org,fS8#_45RCn,tplowellgx
611,pbiaginigy@zimbio.com,"xV0)O(=gy""6",spirduegy
612,mlyvongz@360.cn,wL5>q~Fd8Lq6,nbuchamgz
613,helth0@fastcompany.com,eU6>589_4$`7CC,omarcamh0
614,kcossletth1@hubpages.com,bK1`$Aj5K9b&@,dbridgementh1
615,iglazzardh2@gnu.org,vA9'ts>7Njy,rmalshingerh2
616,odanilewiczh3@hibu.com,"iA8!""Ioxd",ebabonh3
617,cvalentih4@bloglines.com,pX4~#07CxL03sp!,bhaughh4
618,ecurroh5@imgur.com,lE4$s(h@Iou,hhabloth5
619,ecalcutth6@guardian.co.uk,jD6_af}DL_wiT,bdutchh6
620,jcrightonh7@bloglines.com,gA8~y\lSkU'ai=p%,ecelloh7
621,randrich8@census.gov,yW2+_Gma,gblucherh8
622,tivanonkoh9@diigo.com,dR8$X(f'=#n\<,mbesnardh9
623,dbroggettiha@photobucket.com,rG3)2/QgF0Y<xDG',jveschiha
624,vklassmanhb@uol.com.br,gX7&Pc.zQ},cwillsherehb
625,mtolomeihc@answers.com,xE9`a@eVv,mlymanhc
626,eoreaganhd@livejournal.com,yP7|t=rA,schivertonhd
627,rmactaguehe@census.gov,dL8%oTwU`Pyev',jwilcoxhe
628,fkezarhf@bloomberg.com,dL4\6<pL{,eharrinsonhf
629,rchildehg@storify.com,yF5\2n&oUUp++,nmatlockhg
630,oterzohh@sphinn.com,sB2_k<'e,aredfordhh
631,mgunstonhi@seattletimes.com,pB2<QmP=N,rgiovannettihi
632,esemourhj@bloglovin.com,xA0}~Mrmbw8Wd,bsurgenerhj
633,mmacgaheyhk@symantec.com,mR8!t(BSkP,rhanlonhk
634,eshoutehl@cam.ac.uk,"gG8''h_J`af+c|c""",tterrenhl
635,bbramerhm@ca.gov,rT9~_yap,rghiohm
636,adipietrohn@columbia.edu,kO7\cuU+,rjuleffhn
637,hjinkinsho@ehow.com,fK5@wPL(,cgallallyho
638,lpalmbyhp@mac.com,xX5&A*'X1J},gdelaundehp
639,frablhq@cnn.com,rG9|Fql>vo*I/m,drelphhq
640,obifordhr@360.cn,mS8`S/+!Nw/5'Ts,kjaimezhr
641,whazlegrovehs@mac.com,vA4!%c4%icNd,abeafordhs
642,mschindlerht@sohu.com,wL8_ztwh,vsaltmanht
643,achownhu@elegantthemes.com,nL7*K2$ufdx,mveneurhu
644,fsalleryhv@usnews.com,vZ3'vN/g)@w%j3\.,lbastickhv
645,fmarvellhw@huffingtonpost.com,cN8!>@A4N{>w5o,tgoulbornehw
646,cainsleehx@linkedin.com,cK8>9Ukx5G=3T.,cmohanhx
647,mbarnharthy@github.io,aI0_4vJ_fhFu8Sh,tgephearthy
648,sstoutehz@youku.com,fN7#&?zLXU>orb,napperleyhz
649,kclueri0@techcrunch.com,pP5?xx9t%T!f,lkincaidi0
650,gbartolijni1@buzzfeed.com,qA4/Gv&3|2u,pgilhoolyi1
651,sprimmeri2@weibo.com,nQ6/ac>`jI9t,asurmeyeri2
652,rguerreroi3@list-manage.com,tO2(FxawL%*a.$,pseviouri3
653,shansiei4@newsvine.com,aU7@62\14Z,lricsoni4
654,hembleni5@statcounter.com,sO0#>?ybz6D,ugodwyni5
655,urazzelli6@google.ca,mQ1_rGViS,mbreitlingi6
656,gpacittii7@bravesites.com,kO8@m0IIa*8X,gbosankoi7
657,rfludei8@slideshare.net,gM2/$zs1XCM$D,ipeyroi8
658,morri9@nhs.uk,"fI0!7_?xLy""o",rbuffeyi9
659,fginnallyia@domainmarket.com,jY7#y4A`,jmatissoffia
660,jaldingtonib@army.mil,vI1}=ihRa$5T>,jgrishaninib
661,agadsdenic@ask.com,"aQ2~RjAQ""",wquailic
662,sdaniauid@cbc.ca,eJ5.7{g{V4xVH,rbarnwillid
663,sraithie@answers.com,"wA8,$=QqL#vn",ldominiciie
664,yhincksif@bbb.org,"tR3#0`k?1,",arojelif
665,cmcgowranig@prlog.org,rS5%OEJw{S1E(Fe,bqualtroig
666,esnarrih@alibaba.com,"gW9)MX~w""",givashevih
667,pprottii@latimes.com,cZ2?1qX`P\%,emackilroeii
668,kbarhemij@buzzfeed.com,"oV5=k*aGK""Wo)_",hdoblinij
669,qolunneyik@nbcnews.com,nC9>C&==S2)p,yarthanik
670,mhamleyil@bloglines.com,vQ6/@6KywYnJ5i,kdaggeril
671,fsaffleim@google.com.au,bA4{<|Ap+OuR$6,atreagusim
672,jmilazzoin@mac.com,zQ9=JL/&,hwoolamin
673,ldeadmanio@phpbb.com,"qK0""?nb5$oc\",nvallentinio
674,otorraip@t-online.de,"lU6,gwtjmP{ao<u$",ddoughtonip
675,crouseiq@ca.gov,iZ6>iEO6+4|K?|,wbecceroiq
676,fscudir@multiply.com,oE5'TE(IF)*qeN,mbrannoir
677,blonghorneis@liveinternet.ru,lG2&?d7sk9y>g~ye,aveaseyis
678,jstraffordit@intel.com,uN1(IL_y\%T9,sbeldonit
679,vvanhaefteniu@blogger.com,fJ4{pt4VYP,mkeenlysideiu
680,ksivelliv@blogger.com,fJ3\NFs_<=1DVjnx,faizikoviv
681,cgannoniw@t-online.de,mP7/H`s._|`D2q,emccroaryiw
682,mgrovierix@epa.gov,dG4<4FSf~j!%S,amacquakerix
683,fscoreriy@ow.ly,mG2/Vrbe{5Kd,agreenhoweiy
684,gmckintoshiz@360.cn,kX5'8bVavQM7cN,bbevaniz
685,dwrayj0@howstuffworks.com,"zM1""eZAJB",lhartfleetj0
686,rtamblingj1@nature.com,dT0=!.ID,spassej1
687,lklaessonj2@feedburner.com,cG5*&BdR15Jj,nmaggorinij2
688,colivij3@edublogs.org,"xP5&VMI*c""4|=",oflorioj3
689,hzanittij4@apple.com,cJ3~sCFWRozCyHt,carchbouldj4
690,dtreenj5@unesco.org,"yN5}ef""{X{""E",dgeckej5
691,dclancyj6@wufoo.com,kP0)3Z|uj,cvandenoordj6
692,cdefewj7@g.co,"lK4*""mSoG7Rg<z4",rbroschkej7
693,mmarkwickj8@360.cn,cC4&wdwhk195J,ihawthornej8
694,adarbenj9@simplemachines.org,sK9*xD#8.XUBD,kjenksj9
695,tkerbeyja@fotki.com,yN6+j=ORj,mfarreyja
696,csawreyjb@de.vu,hJ9\?A+(9J,rlloydsjb
697,mgametjc@oracle.com,fB3\&')2yw,smakerjc
698,cpressliejd@walmart.com,"hK6>vHg3Dq""%Zc,",agwatkinjd
699,stapnerje@umn.edu,kR3\P#&',kgrinovje
700,knapierjf@jigsy.com,pL9*mpUbb?9@qL,eorwelljf
701,oclowtonjg@wisc.edu,kP1*/mbDFFuo$g\a,miffejg
702,sglaysherjh@latimes.com,uG3`SA}G1Z}U#$,zparfettjh
703,agrazierji@webnode.com,"iG5.@,0NgI/3VE",oelvidgeji
704,aedinburghjj@washington.edu,tP0+Ah2RY_At,sduckinfieldjj
705,oalpinjk@cam.ac.uk,"hQ5/Ko@t(#""",telesjk
706,scantosjl@mysql.com,vS8=iTOK@FDMi=,cfowlejl
707,kearpjm@amazon.com,yI1|<)L2uA7Mo*,apelljm
708,vduckworthjn@marriott.com,fF6?z'&$L5We,jearsmanjn
709,btirrelljo@posterous.com,kD0)BpuupE,bmckeveneyjo
710,dfrodshamjp@domainmarket.com,"eC4,`n.21",sseagojp
711,hdelacotejq@fc2.com,fP5*JPaUGWIS8,bkeenlaysidejq
712,asantostefanojr@bbc.co.uk,cV8{Wg}$`@$9,lmaccolmjr
713,estyantjs@sfgate.com,"uB1"".4RtC",lleatherlandjs
714,jstquintinjt@cargocollective.com,"yD1,zzx3",ahutchisonjt
715,chuorticju@nbcnews.com,qL8/(pEd?E?=,vohalleghaneju
716,kyssonjv@tumblr.com,eO2@`=9x3HloL8,lciabatterijv
717,zmitchensonjw@sfgate.com,dV0<D/oT\,aclacksonjw
718,csantellojx@japanpost.jp,vL0'$h_/J=,rdessaurjx
719,mbeamesjy@buzzfeed.com,lC0?oS+J,nedgellerjy
720,esansumjz@cloudflare.com,jZ8%z'K<rY,ywiltshierjz
721,cduquesnayk0@unc.edu,pK8@|L(dHYaj,tmeecek0
722,vbilovusk1@ucla.edu,qD0$fdddiBC,smckeurtank1
723,mchristiek2@ameblo.jp,oV7(ANruT1F,maimerk2
724,tbretherickk3@npr.org,hR8{i5}=KV3N7N,choudmontk3
725,vlarrattk4@wp.com,dX7=8i$6!%,rludeek4
726,szanrek5@scientificamerican.com,"rG4,uY_|R",ibaytropk5
727,jpescodk6@zdnet.com,jL1~nFsx&S,tlinggoodk6
728,tbagnoldk7@gizmodo.com,"zC1/LhRc""q%(d",rnaptink7
729,mgabrielyk8@nydailynews.com,"lE3""%!R6NVf<JV)f",mledgleyk8
730,lfairecloughk9@nydailynews.com,xP6!Kjzq5\\IUjNd,nkanterk9
731,bmaccambridgeka@1und1.de,eG0*}NqHFip,rblibenka
732,odanigelkb@4shared.com,uR6/}isc(rP.m~l,cdollarkb
733,kswinneykc@china.com.cn,"sP1,,=0O",qdanieloukc
734,ssemplekd@infoseek.co.jp,aQ0$RS>m1aO,mvenneykd
735,sbertomierke@homestead.com,mG4~}91=|>aB)(f,jrouchyke
736,gnolleaukf@wufoo.com,"lL2""<r0Fm"",",fmallallkf
737,htattersallkg@nydailynews.com,eD0|aH||!,rpaulinokg
738,mjonczykkh@blogtalkradio.com,xB0\WDih!P@<00V,sspohrmannkh
739,atilstonki@usgs.gov,vL1'w}~p*ppu7v6,gbohlmannki
740,tjozsikakj@list-manage.com,bM9\+rj(PdG(_1M,msaenzkj
741,boddykk@census.gov,uR8(9a)FK|LOe,dhallwardkk
742,lgillmorkl@stumbleupon.com,zT6\dpiZ0,bkobeltkl
743,dbyshkm@bing.com,vI1(}hZD,jrabierkm
744,bbiaggikn@adobe.com,"wI2""qC9#4ad",shubbuckekn
745,fhastwellko@wisc.edu,"vZ1'\AU$pF%SW,NZ",aseebertko
746,kslimmingkp@comsenz.com,vY7!d$'A*++`ZS,lbrokenshirekp
747,ufantikq@csmonitor.com,bI9}rj#B,lvanyashinkq
748,lferridaykr@printfriendly.com,"lE3`?e.'<""\3dp",abrummellkr
749,ttraillks@state.tx.us,xQ9*$vP&tMzps,ppeatheyjohnsks
750,jglencrosskt@princeton.edu,tB8/bn#IJY%,ahupekt
751,lcronkku@ted.com,dS7#`K5VbiY,dlampeku
752,bfoortkv@quantcast.com,aW6.09h/5}~3s#d,gmcguigankv
753,pgoodrichkw@usa.gov,oD2'6thXg,boverallkw
754,mughinikx@fc2.com,rL7$fhK~WSD9E(+|,csorrellkx
755,awiddupky@github.io,wR1&4JKF}Fpf=h\e,dkobusky
756,mrockkz@engadget.com,tB1?_yeDmrr,egaltonkz
757,rcatheel0@google.pl,uR7@Z1PcPF#i$,cshafierl0
758,ykibblel1@is.gd,hC3>Uu/!Dv8J,mlevel1
759,dseedhousel2@discuz.net,mM0)n5z7%V,ynendl2
760,cdyersonl3@domainmarket.com,bN0#H{}+65FXg,dsennettl3
761,tmaccrawl4@jugem.jp,fK1&>FqP>nfIXQGp,mhedneyl4
762,dbridgerl5@usgs.gov,"lJ6,l%v*F@{Ml",agrinstonl5
763,pridesdalel6@barnesandnoble.com,sS2*Fgn4PO@,ymcfadyenl6
764,brableaul7@google.cn,rX7/Er#5SZMG,ohannondl7
765,fmacmeanmal8@nih.gov,zD4%q~av,sallibanl8
766,rbrickhilll9@typepad.com,qW5|AN2<J2/56|w,bmashaml9
767,fklimesla@hud.gov,iW0$fvEA,cpachla
768,schatwinlb@is.gd,aK8~*s'bqR%@HjA,fpetyankinlb
769,gcurnoklc@intel.com,mP6\>R9Mh?P@LiI,gchestermanlc
770,sgillsonld@nifty.com,vK5'srv)\95yGoE,lstandellld
771,jkorpalle@home.pl,"lX3&,+hux,/>`uB~",comrodle
772,zhalledaylf@nydailynews.com,jW3<P)EmM/,bwaddamslf
773,awhelanlg@bbc.co.uk,lD1~$NW),gshobbrooklg
774,lrudsdalelh@upenn.edu,qP0_+gqRjx$,idavieslh
775,novernellli@nbcnews.com,zS5.EIt%ALY<v~y,sgrethamli
776,jeaklylj@tripadvisor.com,xS5_y0@Ob6!%Ek.,zdugmorelj
777,adodlelk@godaddy.com,"eY9!<famW""1>F",gcaminlk
778,bmilbankll@disqus.com,"eX2""neX,)",fguswellll
779,ghasselllm@geocities.com,sR5|CLVWqgbsLaiZ,kduddridgelm
780,jtumbridgeln@comsenz.com,jL6/L`fN.NW?be4,kwhitefootln
781,ggeerlo@nbcnews.com,eX0$roY<M,drickelllo
782,ffellenorlp@patch.com,iY4\9Ugfp$ST,mglenlp
783,dcracelq@adobe.com,bE9<I&8O~'q05j,nsherreardlq
784,rvirgoelr@wix.com,bC5`)XAL,msemiraslr
785,kburkittls@examiner.com,qZ4_2w.t/94<A4G,wrobberechtls
786,eetherseylt@blinklist.com,"gP2""@z)s|WT!Kg",ctibaldlt
787,mgwynnelu@npr.org,gC1@q~7/#,fprevostlu
788,sbassomlv@woothemes.com,rG8/MoC+9*1,shardacrelv
789,eolenchikovlw@intel.com,yE4~G(&K&,akensingtonlw
790,amaughanlx@liveinternet.ru,rD9)S750muw9Q{x,kfetterplacelx
791,hrevillely@skyrock.com,fD2>Z4f?/i*3Fpd,vtuplinly
792,dchristoffelz@mapquest.com,kL8$7i)w5@il.f%,bflescherlz
793,drishworthm0@jimdo.com,cP5{Y*s#pJr6yT,fdelacourtm0
794,ddavidzonm1@independent.co.uk,nB4+AE1N6dIU+j*,ucapeym1
795,dvearnalsm2@wufoo.com,mL1'\J$I0,asperam2
796,dpoulsumm3@sun.com,hL8*bCW5'shz,wgiblingm3
797,ttenantm4@360.cn,uD6%B.%S\M,srevansm4
798,sblackburnm5@ning.com,tH8'8{6q,bclemasm5
799,lkilbridem6@narod.ru,"pE8,`tKz=",cadshadm6
800,btwiningm7@nyu.edu,sS1?ZD|He7XV/,maudibertm7
801,ebreartonm8@microsoft.com,vZ5_{XG>,gredmaynem8
802,swinfreym9@msu.edu,"iO3#hn8CG""",chumberm9
803,gjoshamma@bandcamp.com,"dJ4,.OJv*U",gpedrolma
804,lgamonmb@nhs.uk,mX0|AuD0MSf|,itimmesmb
805,gtitleymc@wp.com,uB1(s=X4zDPBg(h',lbeswellmc
806,bbewickmd@php.net,aW5)YAG#Zj3g5KG,gmosdallmd
807,ndorgonme@statcounter.com,iH7~e%~9B.}J17Zp,freinischme
808,dnicholasmf@prnewswire.com,hI8/$idX'f@uhs(,mwattsmf
809,vtrahearnmg@ftc.gov,bW9!gQ_8ckrAc>,jajsikmg
810,epavermh@t.co,bW2/q=YtS(%,isorriemh
811,bwasbeymi@sciencedirect.com,tS3_06`xFve,amckendomi
812,jsaltmarshemj@google.nl,"cE7(>uJu""uueJeL&",ytilstonmj
813,splentymk@umich.edu,"dF9|uMjTY,N3Y$e",bgregorowiczmk
814,esnaselml@mit.edu,"xR8&4}K""Hf}o",fsamesml
815,lbeavonmm@reference.com,mB1#iblY!v|@orN,kkenworthymm
816,bsallingmn@weather.com,uE0/0f5W3kD@,phatherellmn
817,imorduemo@phoca.cz,"zB9)bEI*i,Z7$i",hlancettermo
818,ihighwoodmp@barnesandnoble.com,tT4|Sx3Z/9,ndemkemp
819,amulgrewmq@shinystat.com,"tW1+g""tO,GzG5$B",mcrockattmq
820,mnewarkmr@cocolog-nifty.com,sK3<maSG<qa,aferrarottimr
821,bhartfleetms@nps.gov,bL9~s<jzAvPrODV,jtranterms
822,ypirriemt@blogtalkradio.com,dR2~oLrVo'm%h9s,icahillmt
823,boniansmu@usnews.com,aY4=RfnLVDM,ltertremu
824,mhritzkomv@last.fm,"yE3=mwsJ.Ux=""",hplumtreemv
825,lboornmw@army.mil,"gD6,7~ZOn*",gberemw
826,emcilraithmx@netvibes.com,wU6<KUjR?*6D,emaddernmx
827,mhymermy@diigo.com,qZ8&3gA}=J,fcamusmy
828,cthewysmz@ehow.com,iB2!hP#/\S,kpaschkemz
829,jshoebridgen0@walmart.com,lK3/%=?K5pD1JI,lpercyn0
830,gemlochn1@narod.ru,yA0\&y?<H,ahealeyn1
831,cdunstern2@arstechnica.com,rD0)N*?(mJILV.c,emownen2
832,jmortonn3@wix.com,rK9'K{B5{~,nbradbrookn3
833,wivesn4@joomla.org,"jD9(CM,*bk.g0rR0",csimondn4
834,shastwalln5@netvibes.com,"fX3\up)Mj,)&0.O",spennellsn5
835,ddonn6@meetup.com,iO7$!tFxB|bQ,phawken6
836,jbernardonin7@zimbio.com,qP2)f+XR#+g,whowsann7
837,cknowlysn8@prnewswire.com,nN9+/qj7,acayfordn8
838,scallann9@ehow.com,"lF7""8dYGl}",obamptonn9
839,nwellsna@paginegialle.it,oI5&v33A1S_,pchidzoyna
840,rlisettnb@illinois.edu,mD5?VHWx8i,ecockerellnb
841,cbartalinnc@mozilla.com,xD9>lw/Ukd,kruspinenc
842,dbirrelnd@home.pl,"eL2(Hpw@LSf#w/""",mkeyworthnd
843,abaisene@examiner.com,zM0(yphtDe*n,gmaciloryne
844,shonischnf@moonfruit.com,nN5|a<m4t`),udorannf
845,narghentng@odnoklassniki.ru,sP0~zO{At0V6I,ppetrikng
846,agaskingnh@scribd.com,pX0`T`J~p@u$C,jeaglandnh
847,rjoyni@spiegel.de,cI7.)#e@}\zT*,acowelyni
848,cburreenj@nih.gov,oF4$U)G*l!@XwgPR,cpottenj
849,clewernk@ted.com,cA1(6h$Ds,vrungenk
850,grigdennl@princeton.edu,rU1.obVPq_SP27,whaslucknl
851,sfreearnm@google.co.jp,xI3%t>la?gG3,mbardenm
852,ahughlocknn@pen.io,lZ8<!(GcJmuusk,kyosselevitchnn
853,ajensonno@biblegateway.com,"rV9!&!yKJg""u}jKK",ascheffelno
854,kgrowcottnp@jugem.jp,mO1>cfK7,nayersnp
855,dclabburnnq@squarespace.com,qZ3~8d`Lx+2}t,clefriecnq
856,dblowicknr@ucoz.com,"zK6,'sZc{",tgeistnr
857,smewns@mysql.com,pK2$MWC~i$$>,gealdenns
858,bmcclymondnt@list-manage.com,"rS8,I+L_",eharremant
859,rscothernnu@baidu.com,cC7`jbdg6aH,rbatchelournu
860,wgaskennv@youtu.be,"qT7~}n(""",gmclartynv
861,slittlepagenw@facebook.com,"zH5!5"")PIg1$",rburgotnw
862,dlotonnx@biblegateway.com,oK8.m8*Ot$F,fpeppinnx
863,cbolfny@reverbnation.com,"dF1"">""P{kRxY2",wboolsny
864,sfidgenz@goodreads.com,nG7/wssa~DsawOz,ccurrallnz
865,fbedburyo0@miibeian.gov.cn,pK4'n?Mw{N_,egonzaleso0
866,lwilfingero1@globo.com,"oD6@a,1O'p?($Y+",cpenbarthyo1
867,lmacquisto2@washingtonpost.com,"aZ9""*%L2ffp",arodenborcho2
868,charto3@disqus.com,aC3?nWnl06wX,svestyo3
869,rdescoffiero4@un.org,jK3&?e#BEXC06~s,clinkieo4
870,tcausho5@nyu.edu,uW0%98Ghnm#il,rdaenso5
871,jbroodo6@last.fm,"pD1/z,LdfIi|",ntruggiano6
872,cmcnabo7@java.com,jG3+ET//_`&f?&,mmunfordo7
873,jcollopo8@scribd.com,kW2(`Liijq?|g,skeenlysideo8
874,fhazemano9@yahoo.com,yP5~Pb{kC2#vTy,bhalsoo9
875,chardernoa@opera.com,jJ7|CdwLz&wlKD,tnearsoa
876,wsimecekob@furl.net,oS4>3x(*WRnvW,teclesob
877,rlezemereoc@moonfruit.com,nG3@YJjfB,tmansfordoc
878,jdutsonod@go.com,bZ9#oJFtQ,scaushod
879,wgarforthoe@mapquest.com,vY0.yq@\T@E54$',askyneroe
880,grosiniof@wix.com,uC4)qO(i*>en,bvasyushkhinof
881,izarbog@hc360.com,qF8<XKz0t+,cvannsog
882,alordonoh@symantec.com,vM1+5`6/ua4{,apinsentoh
883,jbrandonioi@pen.io,dK5_S0GJ'IP_0t5,ptaddoi
884,sghiooj@aol.com,nS7)_naz!MnLI6<,cjewsteroj
885,wasquithok@bbb.org,"aJ6?oa'G1fbw""",rjaffrayok
886,clowrieol@telegraph.co.uk,qO6(5@XGA86SG),blemonnierol
887,eohernom@patch.com,lC2{a'tX|(M{Z6,koxherdom
888,dgilphillanon@miitbeian.gov.cn,xK4<YPXxs&8LEc,tbillhamon
889,tsyrieoo@altervista.org,dJ0/9t4B7}eDV,mcroseroo
890,djerromop@boston.com,zK2!\VhH+96J9r,bkendleop
891,cmacgiffinoq@hostgator.com,gE0~z{r3Qo9,mtasseloq
892,tsomervilleor@last.fm,iV0.}0N%>.NV,tgrowcottor
893,lomullaneos@illinois.edu,bF4(wJK&$',mjoblingos
894,iscriverot@nbcnews.com,fE6?'MOsi/Yg.?ic,kgierathsot
895,bivainou@cdc.gov,jD7>``|O,smarjoribanksou
896,anessov@google.fr,vT4\hc6TQ6r,dellesov
897,glengletow@marriott.com,wL0/'Ly2P_9,ddeyenhardtow
898,mstirtonox@tripod.com,"xQ1*.}.r(v#V\4,",mhincksox
899,bleattoy@google.ru,"oS0%M<,3",rmoretoy
900,rfarnsworthoz@whitehouse.gov,rS8?XA9jpmNFq4`,challadoz
901,eelderkinp0@google.com.hk,vK9_7b0|sJ4R5D,eorrahp0
902,glandyp1@stumbleupon.com,tD7/2hl|.U5,jrobbiep1
903,amacpakep2@bloomberg.com,aI2'JfZdFNY&,pchastagnierp2
904,kkleinhandlerp3@slashdot.org,tE9%=H`j,cbraamp3
905,awoolisp4@hp.com,eC0+>!kZ$6PV,gmccartyp4
906,stallantp5@columbia.edu,yT4*bbqYQ,rolennanep5
907,csiderfinp6@altervista.org,kH1&E.*Hcr@Zv7B,gmajorp6
908,swicksteadp7@thetimes.co.uk,wC7''H2>pI(e,oroakep7
909,ybushillp8@europa.eu,"mV2*{$E,9$O(3",bketteridgep8
910,ericcardinip9@wufoo.com,"yO7!,/2eu*UBC0P2",aseneschalp9
911,gvanpa@washingtonpost.com,hR2`&2i{Q_2S,jdowlepa
912,wstiggerspb@paypal.com,nX5>uX_o,cokeypb
913,wdillistonpc@admin.ch,fY1<Ni|gVBC\,mcicchinellipc
914,mregardsoepd@fc2.com,vU3|C/F1HE,kbendellpd
915,mbyarspe@icio.us,"bT2+1,yF#",lskechleype
916,mshurvillepf@pcworld.com,"rM2""Hv`Vt{",slerohanpf
917,ebalaizotpg@behance.net,nP9!UJNR,ewedlakepg
918,jbackesph@apple.com,wZ4?e(QhaY3}FP,lgoomsph
919,smenchentonpi@answers.com,gU3=!o.7aP(7b%#<,ejoskapi
920,salphonsopj@nyu.edu,"rP2_}LYuSr,",rtarrantpj
921,rkezorpk@adobe.com,iP0<I0gEzed'>,greimerpk
922,zsemoninpl@oaic.gov.au,kI5$i{Z&nj*x#,mviolletpl
923,mgeckepm@globo.com,"vM8>2xnl)""",sconeybearepm
924,ktriponypn@webnode.com,kQ9.\{{zC4VhFY1,lknightsbridgepn
925,kkanzlerpo@rambler.ru,"cX5,""c+TN""a",aleyntonpo
926,pmcconaghypp@symantec.com,lI5%V/\Sb,sroafpp
927,wpalfreemanpq@kickstarter.com,qO6@1DbKC,rvolkepq
928,mmcgeorgepr@seesaa.net,"lU0""7BJn""66G&2",hguillilandpr
929,dtrethowanps@tamu.edu,nC9>V}u~RD,meldredps
930,cpollicattpt@skype.com,zQ1@A>7E|hB*H*&,tmossmanpt
931,lscaifepu@51.la,kI9{z4LZa,ablakedenpu
932,rolynnpv@aboutads.info,iV6!'%#J/,smahodypv
933,jcanningpw@fotki.com,mW0$`VxpIvWTS+Q,rdeblingpw
934,lclendennenpx@state.gov,gH7+eV*5Z.,vleathampx
935,fdobesonpy@state.tx.us,mK1/OxXUP@34knng,lfearbypy
936,mgoldmanpz@nydailynews.com,hU5|4N(${,spudnerpz
937,egniewoszq0@netlog.com,"uN3*}dY',U\c",trzehorq0
938,mstalfq1@usa.gov,cA6.xWdJ#3`z5Cr>,mdewildeq1
939,rscarboroughq2@omniture.com,cL8_t{P~M.gq_S,rzavattieroq2
940,dpiechaq3@twitter.com,"zE0,@JNmU",rwaliszewskiq3
941,tcommonq4@barnesandnoble.com,bB5)`FOMH,mzealyq4
942,jridgewayq5@princeton.edu,"vM8/EpWv<{~k6i,",fgattyq5
943,iabsalomq6@squarespace.com,eW5=01n=z(6u,seylesq6
944,wsleitq7@youtu.be,nE4%JCt+,jmcilwraithq7
945,fowttrimq8@irs.gov,pW1?Kb5j*',ilovemanq8
946,labramamovhq9@indiatimes.com,"nN3,%`XVc/#E",twavellq9
947,ggymlettqa@ask.com,uH1|w1D3C+!j}(b,rfrenscheqa
948,wjuaraqb@psu.edu,"uG5>~zNyH=x7zI""",tgaylerqb
949,fnorthleighqc@yandex.ru,hK2.Ul)VEQSgf8,obebbqc
950,spopleeqd@hc360.com,xM8)Qr!Vf,sbartkowiakqd
951,bfallenqe@ycombinator.com,iN4&rwyD,dgisbyeqe
952,costridgeqf@wikipedia.org,cE3/2LID/(W,hlansleyqf
953,lwitherdonqg@geocities.jp,"dH1)p~)P>L,?9xEt",jmaltqg
954,wobyqh@squarespace.com,iL4?Z*hzMlPWd#,dhuygheqh
955,malmeidaqi@amazon.co.jp,rB0._!6aFk,gmalbyqi
956,agourleyqj@go.com,wC3(~j(\(,epellamonutenqj
957,vselvesterqk@is.gd,wW0*Gux?ddR=lO4},aedsonqk
958,kandreiniql@nytimes.com,"qS0,uIf#18{XrM=",tbowleyql
959,mleavoldqm@msn.com,tI6''(Ip0nF3QTo,hcrichleyqm
960,asloraqn@nydailynews.com,"vP0""$mGQ1Q$J9D",bmaggiqn
961,lteesdaleqo@unesco.org,"oG0\jf""f",hmcmonniesqo
962,fbuckleyqp@merriam-webster.com,"bR6.WZ20W,u`",mdummerqp
963,mcockshttqq@canalblog.com,wB8@!+Xs@DyE}ns3,sallwoodqq
964,ebrownlieqr@etsy.com,"lA5""=&.Rs",fmatchettqr
965,hmeinekingqs@joomla.org,xF5_>QDa}k%',etulkqs
966,mkornackiqt@goodreads.com,jL2<*FA>dM,gdickinsqt
967,pdelahuntyqu@issuu.com,"rI1``SBl""`",lcastrilloqu
968,bsowrahqv@army.mil,wZ2|>Xy&ja#q,aaleksichqv
969,egeorgelinqw@1688.com,rT7)OO0%1S,tcowherdqw
970,syitzovitzqx@mlb.com,nK3#ax$7,plegganqx
971,apitrassoqy@pagesperso-orange.fr,kJ1<`#rnk,dfiddymentqy
972,nbrockmanqz@constantcontact.com,"gC0'nFH#+LWl$,3",kisaacsonqz
973,mhagerghamr0@accuweather.com,pN3!gUCamC,lsallarier0
974,mwhittierr1@youtube.com,"vC1}8%_beoJ!VS""O",mfaircleyr1
975,dbortoluttir2@yahoo.co.jp,qA6(&P_E,oteidemanr2
976,myearbyr3@oaic.gov.au,"mA3}dEg""UQ",tberreyr3
977,lworshamr4@jigsy.com,uB7#+96rbnE1Cvl(,lgrattonr4
978,tphayrer5@naver.com,"jE8*Q#|""Jd.C%lR",hmaclleeser5
979,emclardier6@reuters.com,gW3_PvT{7(b7Z+'A,ihealyr6
980,praggr7@ning.com,"mD7*W|cq=oEXjP,",krizzinir7
981,jhandleyr8@oakley.com,kF1'oAAmu=wQr|5,balwinr8
982,amartlandr9@huffingtonpost.com,wV0&JJsrlV}f@v@),ntrainerr9
983,aveelersra@shop-pro.jp,"hF4""F$el",alovewellra
984,wdoblerb@jimdo.com,"uD2$,uOo\U9%q",kgreenhalfrb
985,gstollenbeckrc@phoca.cz,uA7<2/F0O8$XUfx6,sfraulorc
986,vlagadurd@bizjournals.com,"kM2.(p,)}Zz",bdraayerrd
987,tgavinire@delicious.com,cG9<WHm'L)HW1IhM,mcampanare
988,cmceniryrf@hao123.com,xF3&2031|fV{,cmeecherrf
989,spersianrg@nba.com,tI9}XVDU,wmossbeerg
990,cwarnockrh@salon.com,rF9+\ewj`aY,hhucklesbyrh
991,tcustanceri@intel.com,iX6.@V.PBOE_#,rsimkari
992,ikleanthousrj@princeton.edu,gE5(<.r2b%,kjudenrj
993,ssmallwoodrk@tmall.com,"pC6<T#i$""",keltrk
994,voshavlanrl@qq.com,dV4+ZB6}b0g*,ebegginrl
995,rlogesdalerm@youku.com,vZ6%sG3=>,eknivettrm
996,rsouzarn@simplemachines.org,bQ7.G$~T.,jdankorn
997,esplavenro@va.gov,rW0`fcqB(`,tohmro
998,asiddensrp@nature.com,aV8`D6WLD4%0p,dmeddickrp
999,hlefwichrq@fc2.com,"hV9!03""A*cdkxuSB",dteenanrq
1000,fedkinsrr@craigslist.org,xS2(V&8<,mollanderrr
